makale_id,temiz_tr,dil,pages,year,gold_journal,harf_orani,chars_per_page,tr_chars,replacement,title_sim,abstract_sim,author_recall,stock_body_len,grobid_ok,red,path
16979,0,tr,10,2002,Ankara Üniversitesi Tıp Fakültesi Mecmuası,90.5,3324,1089,0,0.0,0.0,1.0,20459,1,baslik_sim=0.0;ozet-yok,C:\Users\EG\Desktop\Tubitak___is\06_Benchmark_Veritabani\kolay_ham\makale_16979.pdf
20869,0,tr,3,2003,Gülhane Tıp Dergisi,89.9,3187,390,0,0.0,1.0,0.0,5837,1,sayfa=3;baslik_sim=0.0;yazar_rec=0.0,C:\Users\EG\Desktop\Tubitak___is\06_Benchmark_Veritabani\kolay_ham\makale_20869.pdf
97,0,mix,5,2004,Gazi Üniversitesi Diş Hekimliği Fakültesi Dergisi,0.0,1,0,0,0.0,0.0,0.0,0,0,taranmis/dusuk-metin;turkce-degil;grobid-crash;baslik_sim=0.0;ozet-yok;yazar_rec=0.0;govde-kisa,C:\Users\EG\Desktop\Tubitak___is\06_Benchmark_Veritabani\kolay_ham\makale_97.pdf
15501,0,mix,4,2001,Selcuk Medical Journal,0.0,1,0,0,0.0,0.0,0.0,0,0,taranmis/dusuk-metin;turkce-degil;grobid-crash;baslik_sim=0.0;ozet-yok;yazar_rec=0.0;govde-kisa,C:\Users\EG\Desktop\Tubitak___is\06_Benchmark_Veritabani\kolay_ham\makale_15501.pdf
20999,0,mix,18,2003,Hacettepe Sağlık İdaresi Dergisi,0.0,1,0,0,0.0,0.0,0.0,0,0,taranmis/dusuk-metin;turkce-degil;grobid-crash;baslik_sim=0.0;ozet-yok;yazar_rec=0.0;govde-kisa,C:\Users\EG\Desktop\Tubitak___is\06_Benchmark_Veritabani\kolay_ham\makale_20999.pdf
23456,1,tr,6,2003,Van Tıp Dergisi,80.1,4395,1349,0,1.0,0.983,1.0,13753,1,,C:\Users\EG\Desktop\Tubitak___is\06_Benchmark_Veritabani\kolay_ham\makale_23456.pdf
27420,1,tr,9,2001,İstanbul Üniversitesi Veteriner Fakültesi Dergisi,92.4,3086,1395,0,0.896,0.531,1.0,18801,1,,C:\Users\EG\Desktop\Tubitak___is\06_Benchmark_Veritabani\kolay_ham\makale_27420.pdf
39670,0,tr,9,2002,Anadolu Üniversitesi Bilim ve Teknoloji Dergisi :A-Uygulamalı Bilimler ve Mühendislik,85.7,3438,1263,0,0.257,0.976,0.75,23715,1,baslik_sim=0.257,C:\Users\EG\Desktop\Tubitak___is\06_Benchmark_Veritabani\kolay_ham\makale_39670.pdf
19309,0,mix,8,2002,Türk Kardiyoloji Derneği Arşivi,0.0,1,0,0,0.0,0.0,0.0,0,0,taranmis/dusuk-metin;turkce-degil;grobid-crash;baslik_sim=0.0;ozet-yok;yazar_rec=0.0;govde-kisa,C:\Users\EG\Desktop\Tubitak___is\06_Benchmark_Veritabani\kolay_ham\makale_19309.pdf
46493,0,tr,18,2005,Tarih Araştırmaları Dergisi,94.1,2773,1045,0,0.672,0.254,1.0,41088,1,baslik_sim=0.672;ozet_sim=0.254,C:\Users\EG\Desktop\Tubitak___is\06_Benchmark_Veritabani\kolay_ham\makale_46493.pdf
48510,0,en,6,2005,Turkish Journal of Agriculture and Forestry,86.8,3294,60,0,0.995,1.0,1.0,12775,1,turkce-degil,C:\Users\EG\Desktop\Tubitak___is\06_Benchmark_Veritabani\kolay_ham\makale_48510.pdf
51524,0,tr,3,2004,Kartal Eğitim ve Araştırma Hastanesi Tıp Dergisi,89.0,4216,223,0,0.333,0.0,0.0,10743,1,sayfa=3;baslik_sim=0.333;ozet-yok;yazar_rec=0.0,C:\Users\EG\Desktop\Tubitak___is\06_Benchmark_Veritabani\kolay_ham\makale_51524.pdf
51976,1,tr,11,2005,Mühendislik Bilimleri Dergisi,93.4,5138,1276,0,1.0,0.788,1.0,35825,1,,C:\Users\EG\Desktop\Tubitak___is\06_Benchmark_Veritabani\kolay_ham\makale_51976.pdf
52111,0,mix,5,2005,Türk Otolarengoloji Arşivi,86.0,4532,342,0,0.0,0.913,0.0,12557,1,baslik_sim=0.0;yazar_rec=0.0,C:\Users\EG\Desktop\Tubitak___is\06_Benchmark_Veritabani\kolay_ham\makale_52111.pdf
54740,0,mix,10,1997,Yüzüncü Yıl Üniversitesi Veteriner Fakültesi Dergisi,78.6,4316,3315,0,0.843,0.0,0.5,30429,1,ozet-yok,C:\Users\EG\Desktop\Tubitak___is\06_Benchmark_Veritabani\kolay_ham\makale_54740.pdf
55471,0,tr,18,2005,Tarih Araştırmaları Dergisi,93.3,2741,1000,0,0.679,1.0,1.0,36248,1,baslik_sim=0.679,C:\Users\EG\Desktop\Tubitak___is\06_Benchmark_Veritabani\kolay_ham\makale_55471.pdf
55995,0,tr,14,1997,Lalahan Hayvancılık Araştırma Enstitüsü Dergisi,93.5,2435,1096,0,0.696,0.288,0.67,20189,1,baslik_sim=0.696;ozet_sim=0.288,C:\Users\EG\Desktop\Tubitak___is\06_Benchmark_Veritabani\kolay_ham\makale_55995.pdf
57677,1,mix,5,2005,İstanbul Tıp Fakültesi Dergisi,82.6,4789,324,0,0.868,1.0,1.0,12720,1,,C:\Users\EG\Desktop\Tubitak___is\06_Benchmark_Veritabani\kolay_ham\makale_57677.pdf
58533,1,tr,4,2006,Türkiye Parazitoloji Dergisi,91.1,4833,1267,0,0.977,0.876,1.0,10812,1,,C:\Users\EG\Desktop\Tubitak___is\06_Benchmark_Veritabani\kolay_ham\makale_58533.pdf
59351,0,tr,19,2005,Selçuk Üniversitesi Sosyal Bilimler Enstitüsü Dergisi,97.0,3323,1520,0,1.0,0.01,1.0,47333,1,ozet_sim=0.01,C:\Users\EG\Desktop\Tubitak___is\06_Benchmark_Veritabani\kolay_ham\makale_59351.pdf
60569,0,tr,12,2006,Ege Üniversitesi Ziraat Fakültesi Dergisi,88.4,2359,937,0,0.0,0.898,1.0,13969,1,baslik_sim=0.0,C:\Users\EG\Desktop\Tubitak___is\06_Benchmark_Veritabani\kolay_ham\makale_60569.pdf
66053,0,tr,6,2007,Politeknik Dergisi,95.4,5504,2175,0,0.0,1.0,0.0,22530,1,baslik_sim=0.0;yazar_rec=0.0,C:\Users\EG\Desktop\Tubitak___is\06_Benchmark_Veritabani\kolay_ham\makale_66053.pdf
67168,0,tr,4,2007,Gazi Üniversitesi Diş Hekimliği Fakültesi Dergisi,88.1,2818,256,0,0.684,0.041,0.5,7036,1,baslik_sim=0.684;ozet_sim=0.041,C:\Users\EG\Desktop\Tubitak___is\06_Benchmark_Veritabani\kolay_ham\makale_67168.pdf
68281,0,tr,7,2006,Klinik Psikofarmakoloji Bülteni,84.5,4680,382,0,0.953,0.021,0.75,18930,1,ozet_sim=0.021,C:\Users\EG\Desktop\Tubitak___is\06_Benchmark_Veritabani\kolay_ham\makale_68281.pdf
70226,0,tr,7,2006,Hacettepe Dişhekimliği Fakültesi Derg.(. Clinical Dentistry and Research),94.2,3101,1257,0,0.189,0.688,1.0,18583,1,baslik_sim=0.189,C:\Users\EG\Desktop\Tubitak___is\06_Benchmark_Veritabani\kolay_ham\makale_70226.pdf
72068,0,en,9,2007,Kaygı. Uludağ Üniversitesi Fen-Edebiyat Fakültesi Felsefe Dergisi,95.8,3211,96,0,0.945,0.976,0.0,25520,1,turkce-degil;yazar_rec=0.0,C:\Users\EG\Desktop\Tubitak___is\06_Benchmark_Veritabani\kolay_ham\makale_72068.pdf
72224,0,tr,3,2007,Cerrahpaşa Tıp Dergisi,91.2,3992,202,0,0.954,0.648,1.0,8025,1,sayfa=3,C:\Users\EG\Desktop\Tubitak___is\06_Benchmark_Veritabani\kolay_ham\makale_72224.pdf
72412,1,tr,5,2005,Yüzüncü Yıl Üniversitesi Veteriner Fakültesi Dergisi,87.3,4600,1383,0,1.0,0.72,1.0,12973,1,,C:\Users\EG\Desktop\Tubitak___is\06_Benchmark_Veritabani\kolay_ham\makale_72412.pdf
74406,0,tr,11,2007,Endüstri Mühendisliği,94.7,3487,1492,0,0.283,0.985,1.0,26312,1,baslik_sim=0.283,C:\Users\EG\Desktop\Tubitak___is\06_Benchmark_Veritabani\kolay_ham\makale_74406.pdf
75205,0,tr,13,2007,Gazi Üniversitesi Ticaret ve Turizm Eğitim Fakültesi Dergisi,93.7,2584,1097,0,0.0,0.999,0.0,18567,1,baslik_sim=0.0;yazar_rec=0.0,C:\Users\EG\Desktop\Tubitak___is\06_Benchmark_Veritabani\kolay_ham\makale_75205.pdf
84439,0,tr,15,2008,Selçuk Üniversitesi Ziraat Fakültesi Dergisi (:Selçuk Tarım ve Gıda Bilimleri Dergisi),88.5,5220,2017,0,0.0,0.726,0.0,52897,1,baslik_sim=0.0;yazar_rec=0.0,C:\Users\EG\Desktop\Tubitak___is\06_Benchmark_Veritabani\kolay_ham\makale_84439.pdf
85804,0,en,1,2008,Anadolu Kardiyoloji Dergisi,93.8,5857,33,0,0.647,0.0,1.0,2119,1,sayfa=1;turkce-degil;baslik_sim=0.647;ozet_sim=0.0,C:\Users\EG\Desktop\Tubitak___is\06_Benchmark_Veritabani\kolay_ham\makale_85804.pdf
86189,0,tr,4,2008,Süleyman Demirel Üniversitesi Tıp Fakültesi Dergisi,92.8,3854,291,0,0.0,0.745,0.33,10527,1,baslik_sim=0.0;yazar_rec=0.33,C:\Users\EG\Desktop\Tubitak___is\06_Benchmark_Veritabani\kolay_ham\makale_86189.pdf
88200,0,en,11,2008,Hacettepe Dişhekimliği Fakültesi Derg.(. Clinical Dentistry and Research),92.5,3043,136,0,0.68,0.148,1.0,26029,1,turkce-degil;baslik_sim=0.68;ozet-yok,C:\Users\EG\Desktop\Tubitak___is\06_Benchmark_Veritabani\kolay_ham\makale_88200.pdf
91213,0,tr,3,2009,Türk Kardiyoloji Derneği Arşivi,92.2,2844,425,0,0.0,0.0,0.0,6816,1,sayfa=3;baslik_sim=0.0;ozet-yok;yazar_rec=0.0,C:\Users\EG\Desktop\Tubitak___is\06_Benchmark_Veritabani\kolay_ham\makale_91213.pdf
92098,0,en,6,2009,Kafkas Üniversitesi Veteriner Fakültesi Dergisi,92.1,3954,253,0,0.984,1.0,1.0,12072,1,turkce-degil,C:\Users\EG\Desktop\Tubitak___is\06_Benchmark_Veritabani\kolay_ham\makale_92098.pdf
92556,0,tr,6,2009,TSK Koruyucu Hekimlik Bülteni,90.6,4552,1772,0,0.0,0.527,0.0,7977,1,baslik_sim=0.0;yazar_rec=0.0,C:\Users\EG\Desktop\Tubitak___is\06_Benchmark_Veritabani\kolay_ham\makale_92556.pdf
93048,0,tr,7,2009,Selçuk Tarım ve Gıda Bilimleri Dergisi,89.0,4451,1767,0,0.0,0.517,1.0,23592,1,baslik_sim=0.0,C:\Users\EG\Desktop\Tubitak___is\06_Benchmark_Veritabani\kolay_ham\makale_93048.pdf
94054,0,en,2,2009,Anadolu Kardiyoloji Dergisi,92.4,7208,61,0,0.031,0.0,1.0,8982,1,sayfa=2;turkce-degil;baslik_sim=0.031;ozet-yok,C:\Users\EG\Desktop\Tubitak___is\06_Benchmark_Veritabani\kolay_ham\makale_94054.pdf
94122,0,en,3,2009,Ulusal Travma ve Acil Cerrahi Dergisi,91.8,4963,106,0,0.0,0.0,0.5,11341,1,sayfa=3;turkce-degil;baslik_sim=0.0;ozet-yok,C:\Users\EG\Desktop\Tubitak___is\06_Benchmark_Veritabani\kolay_ham\makale_94122.pdf
95366,1,tr,6,2009,Erciyes Tıp Dergisi,90.3,4356,384,0,0.805,0.997,0.67,12800,1,,C:\Users\EG\Desktop\Tubitak___is\06_Benchmark_Veritabani\kolay_ham\makale_95366.pdf
96335,1,tr,16,2009,Karamanoğlu Mehmetbey Üniversitesi İktisadi ve İdari Bilimler Fakültesi Dergisi,95.8,2519,906,0,1.0,1.0,1.0,34614,1,,C:\Users\EG\Desktop\Tubitak___is\06_Benchmark_Veritabani\kolay_ham\makale_96335.pdf
96367,0,tr,16,2009,Türkiyat Araştırmaları Dergisi,91.4,2592,938,0,0.31,0.777,1.0,25710,1,baslik_sim=0.31,C:\Users\EG\Desktop\Tubitak___is\06_Benchmark_Veritabani\kolay_ham\makale_96367.pdf
96788,0,tr,8,2009,Türk Psikiyatri Dergisi,93.8,4265,1295,0,0.0,0.0,0.0,25545,1,baslik_sim=0.0;ozet-yok;yazar_rec=0.0,C:\Users\EG\Desktop\Tubitak___is\06_Benchmark_Veritabani\kolay_ham\makale_96788.pdf
97047,0,tr,4,2009,Fiziksel Tıp ve Rehabilitasyon Bilimleri Dergisi,94.3,3315,232,0,0.654,0.427,1.0,10016,1,baslik_sim=0.654;ozet_sim=0.427,C:\Users\EG\Desktop\Tubitak___is\06_Benchmark_Veritabani\kolay_ham\makale_97047.pdf
21003,0,mix,20,2003,Hacettepe Sağlık İdaresi Dergisi,0.0,1,0,0,0.0,0.0,0.0,0,0,taranmis/dusuk-metin;turkce-degil;grobid-crash;baslik_sim=0.0;ozet-yok;yazar_rec=0.0;govde-kisa,C:\Users\EG\Desktop\Tubitak___is\06_Benchmark_Veritabani\kolay_ham\makale_21003.pdf
101668,1,mix,14,2008,Biological Diversity and Conservation,92.1,2532,934,0,1.0,1.0,1.0,16702,1,,C:\Users\EG\Desktop\Tubitak___is\06_Benchmark_Veritabani\kolay_ham\makale_101668.pdf
40190,0,mix,8,2004,Çukurova Üniversitesi Eğitim Fakültesi Dergisi,0.0,1,0,0,0.0,0.0,0.0,0,0,taranmis/dusuk-metin;turkce-degil;grobid-crash;baslik_sim=0.0;ozet-yok;yazar_rec=0.0;govde-kisa,C:\Users\EG\Desktop\Tubitak___is\06_Benchmark_Veritabani\kolay_ham\makale_40190.pdf
103207,0,tr,43,2009,Rekabet Dergisi,89.5,2712,286,714,0.532,0.083,0.0,97494,1,sayfa=43;karakter-bozuk;baslik_sim=0.532;ozet_sim=0.083;yazar_rec=0.0,C:\Users\EG\Desktop\Tubitak___is\06_Benchmark_Veritabani\kolay_ham\makale_103207.pdf
103348,0,tr,20,2009,Erzincan Üniversitesi Eğitim Fakültesi Dergisi,86.6,2571,965,0,0.0,1.0,0.0,38777,1,baslik_sim=0.0;yazar_rec=0.0,C:\Users\EG\Desktop\Tubitak___is\06_Benchmark_Veritabani\kolay_ham\makale_103348.pdf
109728,0,tr,6,2010,Tıp Araştırmaları Dergisi,93.1,4179,1403,0,1.0,0.095,1.0,17977,1,ozet_sim=0.095,C:\Users\EG\Desktop\Tubitak___is\06_Benchmark_Veritabani\kolay_ham\makale_109728.pdf
48327,0,mix,7,2005,Gazi Üniversitesi Diş Hekimliği Fakültesi Dergisi,0.0,1,0,0,0.0,0.0,0.0,0,0,taranmis/dusuk-metin;turkce-degil;grobid-crash;baslik_sim=0.0;ozet-yok;yazar_rec=0.0;govde-kisa,C:\Users\EG\Desktop\Tubitak___is\06_Benchmark_Veritabani\kolay_ham\makale_48327.pdf
112937,0,tr,2,2010,Tarih İncelemeleri Dergisi,90.6,2283,354,0,0.0,0.0,0.0,2547,1,sayfa=2;baslik_sim=0.0;ozet-yok;yazar_rec=0.0,C:\Users\EG\Desktop\Tubitak___is\06_Benchmark_Veritabani\kolay_ham\makale_112937.pdf
113634,0,mix,15,2011,Eğitim ve Bilim,29.6,3567,99,0,0.0,0.0,0.0,161,1,taranmis/dusuk-metin;baslik_sim=0.0;ozet-yok;yazar_rec=0.0;govde-kisa,C:\Users\EG\Desktop\Tubitak___is\06_Benchmark_Veritabani\kolay_ham\makale_113634.pdf
115015,1,tr,15,2011,Atatürk Üniversitesi Sosyal Bilimler Enstitüsü Dergisi,93.8,2859,1100,0,0.974,0.937,0.67,26426,1,,C:\Users\EG\Desktop\Tubitak___is\06_Benchmark_Veritabani\kolay_ham\makale_115015.pdf
116678,0,tr,4,2011,Türk Kardiyoloji Derneği Arşivi,92.7,3402,666,0,0.0,0.0,0.0,10032,1,baslik_sim=0.0;ozet-yok;yazar_rec=0.0,C:\Users\EG\Desktop\Tubitak___is\06_Benchmark_Veritabani\kolay_ham\makale_116678.pdf
121490,0,mix,21,2010,Erzincan Üniversitesi Eğitim Fakültesi Dergisi,94.1,1752,729,0,0.713,0.992,1.0,33383,1,baslik_sim=0.713,C:\Users\EG\Desktop\Tubitak___is\06_Benchmark_Veritabani\kolay_ham\makale_121490.pdf
121903,0,tr,33,2011,İstanbul Üniversitesi Hukuk Fakültesi Mecmuası,91.7,3483,1472,0,1.0,0.0,1.0,108549,1,sayfa=33;ozet_sim=0.0,C:\Users\EG\Desktop\Tubitak___is\06_Benchmark_Veritabani\kolay_ham\makale_121903.pdf
123941,0,tr,28,2010,Gazi Üniversitesi İktisadi ve İdari Bilimler Fakültesi Dergisi,95.3,2092,827,0,1.0,1.0,0.0,29818,1,yazar_rec=0.0,C:\Users\EG\Desktop\Tubitak___is\06_Benchmark_Veritabani\kolay_ham\makale_123941.pdf
124603,0,tr,2,2011,Türk Psikiyatri Dergisi,91.5,4928,463,0,1.0,1.0,0.8,5702,1,sayfa=2,C:\Users\EG\Desktop\Tubitak___is\06_Benchmark_Veritabani\kolay_ham\makale_124603.pdf
125761,0,en,4,2011,Türk Kardiyoloji Derneği Arşivi,92.4,3708,160,0,0.0,0.0,0.25,11792,1,turkce-degil;baslik_sim=0.0;ozet-yok;yazar_rec=0.25,C:\Users\EG\Desktop\Tubitak___is\06_Benchmark_Veritabani\kolay_ham\makale_125761.pdf
126062,0,tr,4,2011,Eklem Hastalıkları ve Cerrahisi Dergisi (Eski Adı: Artroplasti Artroskopik Cerrahi Derg.),93.4,4705,1185,0,0.423,0.0,1.0,14425,1,baslik_sim=0.423;ozet-yok,C:\Users\EG\Desktop\Tubitak___is\06_Benchmark_Veritabani\kolay_ham\makale_126062.pdf
126766,0,mix,4,2011,Türk Pediatri Arşivi,89.1,5899,1341,0,0.638,0.716,1.0,10994,1,baslik_sim=0.638,C:\Users\EG\Desktop\Tubitak___is\06_Benchmark_Veritabani\kolay_ham\makale_126766.pdf
129580,0,tr,8,2011,Anadolu Hemşirelik ve Sağlık Bilimleri Dergisi,86.8,3852,1369,0,0.996,0.067,1.0,20371,1,ozet_sim=0.067,C:\Users\EG\Desktop\Tubitak___is\06_Benchmark_Veritabani\kolay_ham\makale_129580.pdf
130461,0,tr,16,2011,Ondokuz Mayıs Üniversitesi Eğitim Fakültesi Dergisi,95.4,2423,1216,0,0.695,0.79,1.0,19473,1,baslik_sim=0.695,C:\Users\EG\Desktop\Tubitak___is\06_Benchmark_Veritabani\kolay_ham\makale_130461.pdf
133334,1,tr,14,2012,Mustafa Kemal Üniversitesi Sosyal Bilimler Enstitüsü Dergisi,95.9,3142,1435,0,1.0,0.974,1.0,29193,1,,C:\Users\EG\Desktop\Tubitak___is\06_Benchmark_Veritabani\kolay_ham\makale_133334.pdf
137525,0,mix,24,2012,Türkiye Barolar Birliği Dergisi,90.9,2957,1288,0,0.0,0.998,0.0,51365,1,baslik_sim=0.0;yazar_rec=0.0,C:\Users\EG\Desktop\Tubitak___is\06_Benchmark_Veritabani\kolay_ham\makale_137525.pdf
139480,1,tr,7,2012,Yeni Tıp Dergisi,85.6,4759,1459,0,1.0,0.962,1.0,24025,1,,C:\Users\EG\Desktop\Tubitak___is\06_Benchmark_Veritabani\kolay_ham\makale_139480.pdf
140215,1,tr,19,2012,Hitit Üniversitesi İlahiyat Fakültesi Dergisi,93.2,2723,1038,0,0.964,0.852,1.0,38702,1,,C:\Users\EG\Desktop\Tubitak___is\06_Benchmark_Veritabani\kolay_ham\makale_140215.pdf
140475,0,en,8,2012,Tekstil ve Konfeksiyon,89.6,4750,192,0,0.686,1.0,1.0,29472,1,turkce-degil;baslik_sim=0.686,C:\Users\EG\Desktop\Tubitak___is\06_Benchmark_Veritabani\kolay_ham\makale_140475.pdf
141250,0,tr,5,2012,Ege Tıp Dergisi,91.8,3822,1156,0,0.68,0.694,0.5,13688,1,baslik_sim=0.68,C:\Users\EG\Desktop\Tubitak___is\06_Benchmark_Veritabani\kolay_ham\makale_141250.pdf
142545,0,tr,20,2013,Finans Politik ve Ekonomik Yorumlar Dergisi,92.6,4108,1621,0,0.0,1.0,1.0,59014,1,baslik_sim=0.0,C:\Users\EG\Desktop\Tubitak___is\06_Benchmark_Veritabani\kolay_ham\makale_142545.pdf
145157,0,tr,2,2012,Anadolu Kardiyoloji Dergisi,91.8,2860,459,0,1.0,0.0,0.0,4449,1,sayfa=2;ozet_sim=0.0;yazar_rec=0.0,C:\Users\EG\Desktop\Tubitak___is\06_Benchmark_Veritabani\kolay_ham\makale_145157.pdf
146499,0,tr,34,2013,Gazi Üniversitesi Hukuk Fakültesi Dergisi,90.9,2815,1092,0,1.0,0.994,1.0,71390,1,sayfa=34,C:\Users\EG\Desktop\Tubitak___is\06_Benchmark_Veritabani\kolay_ham\makale_146499.pdf
147157,1,tr,23,2012,Selçuk Üniversitesi Hukuk Fakültesi Dergisi,94.4,1896,698,0,0.894,0.715,1.0,36084,1,,C:\Users\EG\Desktop\Tubitak___is\06_Benchmark_Veritabani\kolay_ham\makale_147157.pdf
147379,0,tr,86,2013,Karadeniz İncelemeleri Dergisi,90.0,2829,1069,0,0.37,0.013,0.0,192968,1,sayfa=86;baslik_sim=0.37;ozet_sim=0.013;yazar_rec=0.0,C:\Users\EG\Desktop\Tubitak___is\06_Benchmark_Veritabani\kolay_ham\makale_147379.pdf
148455,0,tr,19,2013,Elektronik Sosyal Bilimler Dergisi (elektronik),94.5,2967,1170,0,0.68,0.998,1.0,40369,1,baslik_sim=0.68,C:\Users\EG\Desktop\Tubitak___is\06_Benchmark_Veritabani\kolay_ham\makale_148455.pdf
149455,0,tr,7,2013,Atatürk Üniversitesi Diş Hekimliği Fakültesi Dergisi,95.4,4347,1566,0,0.0,0.678,0.0,17234,1,baslik_sim=0.0;yazar_rec=0.0,C:\Users\EG\Desktop\Tubitak___is\06_Benchmark_Veritabani\kolay_ham\makale_149455.pdf
149903,0,en,2,2013,Turkish Journal of Gastroenterology,90.0,2534,13,0,0.0,0.0,1.0,2414,1,sayfa=2;turkce-degil;baslik_sim=0.0;ozet_sim=0.0,C:\Users\EG\Desktop\Tubitak___is\06_Benchmark_Veritabani\kolay_ham\makale_149903.pdf
151279,0,tr,14,2012,History Studies,88.9,3549,1051,0,0.971,1.0,0.0,24529,1,yazar_rec=0.0,C:\Users\EG\Desktop\Tubitak___is\06_Benchmark_Veritabani\kolay_ham\makale_151279.pdf
154412,0,mix,3,2013,Göztepe Tıp Dergisi,85.9,4069,501,0,0.0,0.206,0.0,4553,1,sayfa=3;baslik_sim=0.0;ozet_sim=0.206;yazar_rec=0.0,C:\Users\EG\Desktop\Tubitak___is\06_Benchmark_Veritabani\kolay_ham\makale_154412.pdf
156054,0,en,6,2012,Eurasian Journal of Medicine,93.6,4486,93,0,0.729,0.892,1.0,16898,1,turkce-degil;baslik_sim=0.729,C:\Users\EG\Desktop\Tubitak___is\06_Benchmark_Veritabani\kolay_ham\makale_156054.pdf
157457,1,tr,7,2014,Ankara Üniversitesi Veteriner Fakültesi Dergisi,89.7,5312,1707,0,1.0,0.588,1.0,14238,1,,C:\Users\EG\Desktop\Tubitak___is\06_Benchmark_Veritabani\kolay_ham\makale_157457.pdf
159705,0,tr,9,2012,Türk Jinekoloji ve Obstetrik Derneği Dergisi,90.4,4492,380,0,0.948,0.052,1.0,23893,1,ozet_sim=0.052,C:\Users\EG\Desktop\Tubitak___is\06_Benchmark_Veritabani\kolay_ham\makale_159705.pdf
160741,0,tr,32,2013,Hacettepe Üniversitesi İktisadi ve İdari Bilimler Fakültesi Dergisi,95.0,2502,1069,0,1.0,0.959,1.0,48940,1,sayfa=32,C:\Users\EG\Desktop\Tubitak___is\06_Benchmark_Veritabani\kolay_ham\makale_160741.pdf
162129,0,tr,7,2014,Türk Kardiyoloji Derneği Arşivi,90.2,4187,1461,0,0.689,0.981,1.0,16183,1,baslik_sim=0.689,C:\Users\EG\Desktop\Tubitak___is\06_Benchmark_Veritabani\kolay_ham\makale_162129.pdf
162576,1,tr,10,2014,Hitit Üniversitesi Sosyal Bilimler Enstitüsü Dergisi,93.5,2819,1142,0,1.0,0.998,1.0,12957,1,,C:\Users\EG\Desktop\Tubitak___is\06_Benchmark_Veritabani\kolay_ham\makale_162576.pdf
165199,1,tr,5,2014,Türkderm-Deri Hastalıkları ve Frengi Arşivi,93.0,4208,1279,0,0.784,0.993,1.0,12958,1,,C:\Users\EG\Desktop\Tubitak___is\06_Benchmark_Veritabani\kolay_ham\makale_165199.pdf
169423,0,tr,8,2012,Anayasa Hukuku Dergisi,95.0,2500,1037,0,0.734,0.023,1.0,17621,1,baslik_sim=0.734;ozet_sim=0.023,C:\Users\EG\Desktop\Tubitak___is\06_Benchmark_Veritabani\kolay_ham\makale_169423.pdf
169847,1,tr,15,2013,Ahi Evran Üniversitesi Kırşehir Eğitim Fakültesi Dergisi,92.6,3010,1490,0,0.98,0.474,1.0,29202,1,,C:\Users\EG\Desktop\Tubitak___is\06_Benchmark_Veritabani\kolay_ham\makale_169847.pdf
171215,0,en,5,2015,Türkiye Fiziksel Tıp ve Rehabilitasyon Dergisi,93.8,5016,179,0,1.0,0.999,1.0,18011,1,turkce-degil,C:\Users\EG\Desktop\Tubitak___is\06_Benchmark_Veritabani\kolay_ham\makale_171215.pdf
171599,0,mix,8,2012,Türk Hijyen ve Deneysel Biyoloji Dergisi,87.2,3367,1024,0,0.696,0.149,1.0,19416,1,baslik_sim=0.696;ozet_sim=0.149,C:\Users\EG\Desktop\Tubitak___is\06_Benchmark_Veritabani\kolay_ham\makale_171599.pdf
173913,1,tr,15,2014,Diyanet İlmi Dergi,94.1,2763,1074,0,1.0,0.926,1.0,36190,1,,C:\Users\EG\Desktop\Tubitak___is\06_Benchmark_Veritabani\kolay_ham\makale_173913.pdf
175313,0,tr,3,2014,Yeni Üroloji Dergisi,89.4,4524,812,0,0.0,0.819,1.0,7283,1,sayfa=3;baslik_sim=0.0,C:\Users\EG\Desktop\Tubitak___is\06_Benchmark_Veritabani\kolay_ham\makale_175313.pdf
175480,0,mix,5,2011,Cumhuriyet Tıp Dergisi (ELEKTRONİK),91.7,3187,815,0,0.701,0.927,1.0,7657,1,baslik_sim=0.701,C:\Users\EG\Desktop\Tubitak___is\06_Benchmark_Veritabani\kolay_ham\makale_175480.pdf
176168,0,tr,6,2013,Cumhuriyet Tıp Dergisi (ELEKTRONİK),88.9,3950,735,0,0.689,0.027,1.0,10062,1,baslik_sim=0.689;ozet_sim=0.027,C:\Users\EG\Desktop\Tubitak___is\06_Benchmark_Veritabani\kolay_ham\makale_176168.pdf
176997,0,tr,24,2015,Folklor/Edebiyat,94.2,3401,1603,0,0.0,0.0,0.0,61792,1,baslik_sim=0.0;ozet-yok;yazar_rec=0.0,C:\Users\EG\Desktop\Tubitak___is\06_Benchmark_Veritabani\kolay_ham\makale_176997.pdf
178406,0,tr,19,2015,Eğitim ve Bilim,93.5,3660,1710,0,0.226,0.996,1.0,52752,1,baslik_sim=0.226,C:\Users\EG\Desktop\Tubitak___is\06_Benchmark_Veritabani\kolay_ham\makale_178406.pdf
181028,0,en,8,2015,GIDA,85.7,4163,71,0,1.0,1.0,1.0,19442,1,turkce-degil,C:\Users\EG\Desktop\Tubitak___is\06_Benchmark_Veritabani\kolay_ham\makale_181028.pdf
183616,0,en,7,2015,Journal of Neurological Sciences (Turkish),95.4,2450,118,0,1.0,0.367,1.0,12944,1,turkce-degil;ozet_sim=0.367,C:\Users\EG\Desktop\Tubitak___is\06_Benchmark_Veritabani\kolay_ham\makale_183616.pdf
184745,0,tr,3,2015,Journal of Clinical and Analytical Medicine,86.7,4536,890,0,1.0,0.958,1.0,5930,1,sayfa=3,C:\Users\EG\Desktop\Tubitak___is\06_Benchmark_Veritabani\kolay_ham\makale_184745.pdf
185228,0,tr,19,2014,Marmara Üniversitesi Hukuk Fakültesi Hukuk Araştırmaları Dergisi,92.5,3002,1040,0,0.651,0.947,0.0,49854,1,baslik_sim=0.651;yazar_rec=0.0,C:\Users\EG\Desktop\Tubitak___is\06_Benchmark_Veritabani\kolay_ham\makale_185228.pdf
194149,1,tr,6,2016,Acta Odontologica Turcica,92.4,5405,2243,0,1.0,0.946,1.0,18468,1,,C:\Users\EG\Desktop\Tubitak___is\06_Benchmark_Veritabani\kolay_ham\makale_194149.pdf
195309,0,tr,5,2015,Journal of Clinical and Experimental Investigations,92.2,4483,1222,0,1.0,0.216,1.0,15540,1,ozet_sim=0.216,C:\Users\EG\Desktop\Tubitak___is\06_Benchmark_Veritabani\kolay_ham\makale_195309.pdf
197484,0,tr,5,2015,Sakarya University Journal of Education,95.8,3397,1790,0,0.0,0.0,0.0,15950,1,baslik_sim=0.0;ozet-yok;yazar_rec=0.0,C:\Users\EG\Desktop\Tubitak___is\06_Benchmark_Veritabani\kolay_ham\makale_197484.pdf
198293,0,tr,2,2015,Türk Osteoporoz Dergisi,93.3,4361,616,0,0.0,0.995,1.0,5210,1,sayfa=2;baslik_sim=0.0,C:\Users\EG\Desktop\Tubitak___is\06_Benchmark_Veritabani\kolay_ham\makale_198293.pdf
198692,0,en,4,2012,Turkish Journal of Rheumatology(.)Archives of Rheumatology,92.1,4194,72,0,0.677,1.0,1.0,11813,1,turkce-degil;baslik_sim=0.677,C:\Users\EG\Desktop\Tubitak___is\06_Benchmark_Veritabani\kolay_ham\makale_198692.pdf
198725,0,en,10,2013,Turkish Journal of Rheumatology(.)Archives of Rheumatology,82.8,4274,116,0,0.713,0.936,1.0,30938,1,turkce-degil;baslik_sim=0.713,C:\Users\EG\Desktop\Tubitak___is\06_Benchmark_Veritabani\kolay_ham\makale_198725.pdf
200077,1,mix,20,2015,İlköğretim Online (elektronik),95.3,4047,1453,0,1.0,1.0,1.0,56648,1,,C:\Users\EG\Desktop\Tubitak___is\06_Benchmark_Veritabani\kolay_ham\makale_200077.pdf
200501,1,tr,4,2015,Fırat Tıp Dergisi,91.4,4824,1020,0,1.0,0.997,1.0,9161,1,,C:\Users\EG\Desktop\Tubitak___is\06_Benchmark_Veritabani\kolay_ham\makale_200501.pdf
200554,0,mix,28,2016,SOSYAL GÜVENLİK DERGİSİ,94.4,2616,1113,0,0.708,0.91,1.0,41098,1,baslik_sim=0.708,C:\Users\EG\Desktop\Tubitak___is\06_Benchmark_Veritabani\kolay_ham\makale_200554.pdf
201669,0,tr,22,2016,ÖNERİ,92.0,2478,1131,0,0.974,0.248,0.0,44155,1,ozet_sim=0.248;yazar_rec=0.0,C:\Users\EG\Desktop\Tubitak___is\06_Benchmark_Veritabani\kolay_ham\makale_201669.pdf
204150,0,en,6,2016,Ulusal Travma ve Acil Cerrahi Dergisi,90.7,4549,20,0,1.0,1.0,1.0,19076,1,turkce-degil,C:\Users\EG\Desktop\Tubitak___is\06_Benchmark_Veritabani\kolay_ham\makale_204150.pdf
100304,0,mix,5,2009,Türk Oftalmoloji Dergisi,0.0,1,0,0,0.0,0.0,0.0,0,0,taranmis/dusuk-metin;turkce-degil;grobid-crash;baslik_sim=0.0;ozet-yok;yazar_rec=0.0;govde-kisa,C:\Users\EG\Desktop\Tubitak___is\06_Benchmark_Veritabani\kolay_ham\makale_100304.pdf
204373,1,mix,4,2016,MN Oftalmoloji,90.0,4392,847,0,1.0,0.991,1.0,8738,1,,C:\Users\EG\Desktop\Tubitak___is\06_Benchmark_Veritabani\kolay_ham\makale_204373.pdf
205689,0,en,27,2016,Novitas-Royal,93.2,4118,235,0,0.678,0.989,1.0,64522,1,turkce-degil;baslik_sim=0.678,C:\Users\EG\Desktop\Tubitak___is\06_Benchmark_Veritabani\kolay_ham\makale_205689.pdf
206575,0,mix,32,2016,Celal Bayar Üniversitesi Sosyal Bilimler Dergisi,92.7,2357,750,0,0.952,0.994,1.0,57680,1,sayfa=32,C:\Users\EG\Desktop\Tubitak___is\06_Benchmark_Veritabani\kolay_ham\makale_206575.pdf
206906,0,tr,4,2016,İnsan & Toplum,97.2,3584,1589,0,0.0,0.0,0.0,13956,1,baslik_sim=0.0;ozet-yok;yazar_rec=0.0,C:\Users\EG\Desktop\Tubitak___is\06_Benchmark_Veritabani\kolay_ham\makale_206906.pdf
210674,0,tr,6,2016,Iğdır Üniversitesi Fen Bilimleri Enstitüsü Dergisi,80.3,3292,1340,0,0.667,1.0,1.0,13566,1,baslik_sim=0.667,C:\Users\EG\Desktop\Tubitak___is\06_Benchmark_Veritabani\kolay_ham\makale_210674.pdf
218966,0,tr,20,2016,Celal Bayar Üniversitesi Sosyal Bilimler Dergisi,92.2,3024,933,0,0.912,0.02,0.0,25604,1,ozet_sim=0.02;yazar_rec=0.0,C:\Users\EG\Desktop\Tubitak___is\06_Benchmark_Veritabani\kolay_ham\makale_218966.pdf
219923,0,en,3,2013,İnönü Üniversitesi Turgut Özal Tıp Merkezi Dergisi,93.3,3268,51,0,1.0,1.0,1.0,5649,1,sayfa=3;turkce-degil,C:\Users\EG\Desktop\Tubitak___is\06_Benchmark_Veritabani\kolay_ham\makale_219923.pdf
220617,0,tr,25,2012,Dokuz Eylül Üniversitesi İktisadi ve İdari Bilimler Fakültesi Dergisi,94.5,2691,1200,0,0.975,0.013,1.0,41405,1,ozet_sim=0.013,C:\Users\EG\Desktop\Tubitak___is\06_Benchmark_Veritabani\kolay_ham\makale_220617.pdf
221810,1,tr,14,2014,Bartın Üniversitesi Eğitim Fakültesi Dergisi,94.4,2475,996,0,1.0,1.0,1.0,14258,1,,C:\Users\EG\Desktop\Tubitak___is\06_Benchmark_Veritabani\kolay_ham\makale_221810.pdf
223053,0,tr,4,2017,Jinekoloji-Obstetrik ve Neonatoloji Tıp Dergisi,89.3,6174,1534,0,0.765,0.026,1.0,9620,1,ozet_sim=0.026,C:\Users\EG\Desktop\Tubitak___is\06_Benchmark_Veritabani\kolay_ham\makale_223053.pdf
223840,1,tr,9,2014,Journal of FisheriesSciences.com,84.0,3844,1036,0,1.0,0.992,1.0,25291,1,,C:\Users\EG\Desktop\Tubitak___is\06_Benchmark_Veritabani\kolay_ham\makale_223840.pdf
227060,1,tr,14,2013,Gaziantep Üniversitesi Sosyal Bilimler Dergisi,94.7,3152,1371,0,0.963,0.981,1.0,20866,1,,C:\Users\EG\Desktop\Tubitak___is\06_Benchmark_Veritabani\kolay_ham\makale_227060.pdf
228948,0,tr,35,2017,İslami İlimler Dergisi,94.7,3649,1480,0,0.961,0.545,1.0,103487,1,sayfa=35,C:\Users\EG\Desktop\Tubitak___is\06_Benchmark_Veritabani\kolay_ham\makale_228948.pdf
229336,0,tr,4,2017,Dokuz Eylül Üniversitesi Tıp Fakültesi Dergisi,90.4,2784,609,0,0.681,0.995,1.0,7100,1,baslik_sim=0.681,C:\Users\EG\Desktop\Tubitak___is\06_Benchmark_Veritabani\kolay_ham\makale_229336.pdf
230619,1,mix,6,2012,Genel Tıp Dergisi,90.7,4215,966,0,1.0,0.623,1.0,11644,1,,C:\Users\EG\Desktop\Tubitak___is\06_Benchmark_Veritabani\kolay_ham\makale_230619.pdf
231184,1,tr,10,2016,İnsan ve Toplum Bilimleri Araştırmaları Dergisi,93.3,2845,1100,0,0.974,0.974,0.5,21356,1,,C:\Users\EG\Desktop\Tubitak___is\06_Benchmark_Veritabani\kolay_ham\makale_231184.pdf
231394,1,tr,14,2017,Harran Tarım ve Gıda Bilimleri Dergisi,93.9,3239,1221,0,1.0,0.984,1.0,28112,1,,C:\Users\EG\Desktop\Tubitak___is\06_Benchmark_Veritabani\kolay_ham\makale_231394.pdf
236603,0,tr,20,2016,Anemon Muş Alparslan Üniversitesi Sosyal Bilimler Dergisi,93.9,2920,1202,0,0.0,0.757,0.0,22931,1,baslik_sim=0.0;yazar_rec=0.0,C:\Users\EG\Desktop\Tubitak___is\06_Benchmark_Veritabani\kolay_ham\makale_236603.pdf
237206,0,tr,8,2016,Bezmiâlem Science,86.2,3899,847,0,0.0,0.997,1.0,19227,1,baslik_sim=0.0,C:\Users\EG\Desktop\Tubitak___is\06_Benchmark_Veritabani\kolay_ham\makale_237206.pdf
237884,0,en,6,2016,Türk Biyokimya Dergisi,94.1,3959,177,0,0.266,0.451,1.0,16418,1,turkce-degil;baslik_sim=0.266,C:\Users\EG\Desktop\Tubitak___is\06_Benchmark_Veritabani\kolay_ham\makale_237884.pdf
239435,0,en,7,2012,Bilişsel Davranışçı Psikoterapi ve Araştırmalar Dergisi,96.2,4470,158,0,1.0,1.0,1.0,20411,1,turkce-degil,C:\Users\EG\Desktop\Tubitak___is\06_Benchmark_Veritabani\kolay_ham\makale_239435.pdf
241235,0,en,5,2017,Haseki Tıp Bülteni,87.3,4028,154,0,0.239,0.946,1.0,13208,1,turkce-degil;baslik_sim=0.239,C:\Users\EG\Desktop\Tubitak___is\06_Benchmark_Veritabani\kolay_ham\makale_241235.pdf
245269,0,tr,20,2017,İnsan ve Toplum Bilimleri Araştırmaları Dergisi,92.5,2513,957,0,0.0,0.992,0.0,32760,1,baslik_sim=0.0;yazar_rec=0.0,C:\Users\EG\Desktop\Tubitak___is\06_Benchmark_Veritabani\kolay_ham\makale_245269.pdf
252929,0,tr,14,2016,Ana Dili Eğitimi Dergisi,95.4,2918,1184,0,0.812,0.972,0.0,24581,1,yazar_rec=0.0,C:\Users\EG\Desktop\Tubitak___is\06_Benchmark_Veritabani\kolay_ham\makale_252929.pdf
254872,0,en,22,2015,Turkish Studies (Elektronik),96.6,3586,945,0,1.0,0.687,0.5,47255,1,turkce-degil,C:\Users\EG\Desktop\Tubitak___is\06_Benchmark_Veritabani\kolay_ham\makale_254872.pdf
255229,0,en,26,2015,Turkish Studies (Elektronik),93.5,3391,298,0,0.0,0.022,0.0,64324,1,turkce-degil;baslik_sim=0.0;ozet_sim=0.022;yazar_rec=0.0,C:\Users\EG\Desktop\Tubitak___is\06_Benchmark_Veritabani\kolay_ham\makale_255229.pdf
257599,0,tr,7,2016,Bozok Tıp Dergisi,92.4,3651,1001,0,0.721,0.988,1.0,17615,1,baslik_sim=0.721,C:\Users\EG\Desktop\Tubitak___is\06_Benchmark_Veritabani\kolay_ham\makale_257599.pdf
257687,1,mix,11,2017,Manas Journal of Social Studies,94.8,2465,1047,0,0.884,0.475,1.0,19080,1,,C:\Users\EG\Desktop\Tubitak___is\06_Benchmark_Veritabani\kolay_ham\makale_257687.pdf
263630,0,tr,20,2017,Türkiye Adalet Akademisi Dergisi,92.6,3187,1313,0,0.0,1.0,0.0,35072,1,baslik_sim=0.0;yazar_rec=0.0,C:\Users\EG\Desktop\Tubitak___is\06_Benchmark_Veritabani\kolay_ham\makale_263630.pdf
264991,0,mix,11,2013,Turkish Studies (Elektronik),95.1,3076,1230,0,0.914,0.286,0.0,20124,1,ozet_sim=0.286;yazar_rec=0.0,C:\Users\EG\Desktop\Tubitak___is\06_Benchmark_Veritabani\kolay_ham\makale_264991.pdf
265069,0,tr,9,2012,Turkish Studies (Elektronik),94.5,3311,1221,0,0.0,0.021,0.0,24053,1,baslik_sim=0.0;ozet_sim=0.021;yazar_rec=0.0,C:\Users\EG\Desktop\Tubitak___is\06_Benchmark_Veritabani\kolay_ham\makale_265069.pdf
266174,0,en,20,2015,Turkish Studies (Elektronik),97.6,3539,624,0,1.0,0.019,1.0,66339,1,turkce-degil;ozet_sim=0.019,C:\Users\EG\Desktop\Tubitak___is\06_Benchmark_Veritabani\kolay_ham\makale_266174.pdf
266364,1,tr,8,2017,Lalahan Hayvancılık Araştırma Enstitüsü Dergisi,91.8,4778,1893,0,1.0,1.0,1.0,20701,1,,C:\Users\EG\Desktop\Tubitak___is\06_Benchmark_Veritabani\kolay_ham\makale_266364.pdf
266511,0,en,28,2017,Turkish Studies (Elektronik),94.5,3095,614,0,0.926,0.36,1.0,55283,1,turkce-degil;ozet_sim=0.36,C:\Users\EG\Desktop\Tubitak___is\06_Benchmark_Veritabani\kolay_ham\makale_266511.pdf
268565,1,tr,6,2017,İzmir Dr. Behçet Uz Çocuk Hastanesi Dergisi,90.2,4273,1768,0,0.754,0.831,1.0,16350,1,,C:\Users\EG\Desktop\Tubitak___is\06_Benchmark_Veritabani\kolay_ham\makale_268565.pdf
268569,0,en,6,2017,İzmir Dr. Behçet Uz Çocuk Hastanesi Dergisi,90.1,3451,173,0,0.679,1.0,1.0,14261,1,turkce-degil;baslik_sim=0.679,C:\Users\EG\Desktop\Tubitak___is\06_Benchmark_Veritabani\kolay_ham\makale_268569.pdf
269331,0,mix,14,2014,Turkish Studies (Elektronik),92.5,3611,1360,0,1.0,0.212,1.0,31951,1,ozet_sim=0.212,C:\Users\EG\Desktop\Tubitak___is\06_Benchmark_Veritabani\kolay_ham\makale_269331.pdf
269811,0,tr,12,2014,Turkish Studies (Elektronik),94.6,3786,1534,0,0.974,0.182,1.0,36980,1,ozet_sim=0.182,C:\Users\EG\Desktop\Tubitak___is\06_Benchmark_Veritabani\kolay_ham\makale_269811.pdf
273816,0,en,7,2017,Türk Tarım - Gıda Bilim ve Teknoloji dergisi,93.0,6579,274,0,1.0,0.467,1.0,29558,1,turkce-degil,C:\Users\EG\Desktop\Tubitak___is\06_Benchmark_Veritabani\kolay_ham\makale_273816.pdf
274234,0,en,4,2017,Respiratory Case Reports,92.3,4194,218,0,0.669,0.999,1.0,10123,1,turkce-degil;baslik_sim=0.669,C:\Users\EG\Desktop\Tubitak___is\06_Benchmark_Veritabani\kolay_ham\makale_274234.pdf
274237,0,tr,4,2017,Respiratory Case Reports,90.5,2991,579,0,0.684,0.69,1.0,6027,1,baslik_sim=0.684,C:\Users\EG\Desktop\Tubitak___is\06_Benchmark_Veritabani\kolay_ham\makale_274237.pdf
278213,0,en,18,2017,Turkish Studies (Elektronik),96.0,3300,550,0,1.0,0.199,1.0,52552,1,turkce-degil;ozet_sim=0.199,C:\Users\EG\Desktop\Tubitak___is\06_Benchmark_Veritabani\kolay_ham\makale_278213.pdf
279978,1,tr,15,2013,Turkish Studies (Elektronik),90.4,3194,1229,0,1.0,0.938,1.0,36730,1,,C:\Users\EG\Desktop\Tubitak___is\06_Benchmark_Veritabani\kolay_ham\makale_279978.pdf
280895,0,en,16,2016,Turkish Studies (Elektronik),96.0,3300,468,0,0.0,0.457,0.0,48638,1,turkce-degil;baslik_sim=0.0;yazar_rec=0.0,C:\Users\EG\Desktop\Tubitak___is\06_Benchmark_Veritabani\kolay_ham\makale_280895.pdf
285304,0,en,24,2017,Bilig / Türk Dünyası Sosyal Bilimler Dergisi,93.6,2542,51,0,1.0,0.928,1.0,40358,1,turkce-degil,C:\Users\EG\Desktop\Tubitak___is\06_Benchmark_Veritabani\kolay_ham\makale_285304.pdf
287420,0,tr,5,2017,Türk Oftalmoloji Dergisi,89.5,4329,1399,0,0.264,0.999,1.0,14258,1,baslik_sim=0.264,C:\Users\EG\Desktop\Tubitak___is\06_Benchmark_Veritabani\kolay_ham\makale_287420.pdf
287695,0,tr,16,2018,MARMARA COĞRAFYA DERGİSİ,94.1,4208,1734,0,0.248,0.996,1.0,41341,1,baslik_sim=0.248,C:\Users\EG\Desktop\Tubitak___is\06_Benchmark_Veritabani\kolay_ham\makale_287695.pdf
290325,0,tr,5,2017,Sosyal Bilimler Araştırmaları Dergisi,94.7,2654,1052,0,0.0,0.0,0.0,10336,1,baslik_sim=0.0;ozet_sim=0.0;yazar_rec=0.0,C:\Users\EG\Desktop\Tubitak___is\06_Benchmark_Veritabani\kolay_ham\makale_290325.pdf
290701,0,en,29,2018,Eğitim Teknolojisi Kuram ve Uygulama,94.4,3098,621,0,0.971,0.072,1.0,51331,1,turkce-degil;ozet_sim=0.072,C:\Users\EG\Desktop\Tubitak___is\06_Benchmark_Veritabani\kolay_ham\makale_290701.pdf
290801,1,tr,10,2018,Iğdır Üniversitesi Fen Bilimleri Enstitüsü Dergisi,86.0,2585,822,0,1.0,0.969,1.0,19222,1,,C:\Users\EG\Desktop\Tubitak___is\06_Benchmark_Veritabani\kolay_ham\makale_290801.pdf
293239,1,tr,11,2017,Sakarya Üniversitesi Fen Bilimleri Enstitüsü Dergisi,91.3,3052,1229,0,1.0,0.997,1.0,23376,1,,C:\Users\EG\Desktop\Tubitak___is\06_Benchmark_Veritabani\kolay_ham\makale_293239.pdf
298243,0,en,6,2018,Erciyes Üniversitesi Veteriner Fakültesi Dergisi,87.5,4401,148,0,1.0,0.995,1.0,12706,1,turkce-degil,C:\Users\EG\Desktop\Tubitak___is\06_Benchmark_Veritabani\kolay_ham\makale_298243.pdf
299802,1,tr,11,2018,SPORMETRE BEDEN EĞİTİMİ VE SPOR BİLİMLERİ DERGİSİ,91.3,3443,1532,0,0.995,0.901,1.0,21116,1,,C:\Users\EG\Desktop\Tubitak___is\06_Benchmark_Veritabani\kolay_ham\makale_299802.pdf
301139,0,tr,12,2018,Toplum ve Hekim,91.8,4439,2269,0,0.0,0.016,1.0,43369,1,baslik_sim=0.0;ozet_sim=0.016,C:\Users\EG\Desktop\Tubitak___is\06_Benchmark_Veritabani\kolay_ham\makale_301139.pdf
303194,1,tr,24,2018,History Studies,89.5,4303,1675,0,0.967,0.999,1.0,51615,1,,C:\Users\EG\Desktop\Tubitak___is\06_Benchmark_Veritabani\kolay_ham\makale_303194.pdf
303613,0,en,23,2018,Turkish Studies (Elektronik),93.7,3175,296,0,0.148,0.311,1.0,58735,1,turkce-degil;baslik_sim=0.148;ozet_sim=0.311,C:\Users\EG\Desktop\Tubitak___is\06_Benchmark_Veritabani\kolay_ham\makale_303613.pdf
306872,1,tr,5,2018,Selcuk Dental Journal,93.7,3581,920,0,1.0,0.953,1.0,10957,1,,C:\Users\EG\Desktop\Tubitak___is\06_Benchmark_Veritabani\kolay_ham\makale_306872.pdf
307542,0,tr,20,2018,Sakarya University Journal of Education,93.4,4351,2250,0,0.706,0.999,1.0,49805,1,baslik_sim=0.706,C:\Users\EG\Desktop\Tubitak___is\06_Benchmark_Veritabani\kolay_ham\makale_307542.pdf
308745,1,tr,6,2018,Türkiye Tarımsal Araştırmalar Dergisi,88.9,4128,1101,0,1.0,0.976,1.0,13344,1,,C:\Users\EG\Desktop\Tubitak___is\06_Benchmark_Veritabani\kolay_ham\makale_308745.pdf
311859,0,tr,6,2019,Haseki Tıp Bülteni,91.8,4641,1380,0,0.0,0.999,0.0,17122,1,baslik_sim=0.0;yazar_rec=0.0,C:\Users\EG\Desktop\Tubitak___is\06_Benchmark_Veritabani\kolay_ham\makale_311859.pdf
312118,0,tr,33,2018,Journal of Tourism and Gastronomy Studies,90.6,3730,1440,0,0.681,0.996,0.75,53011,1,sayfa=33;baslik_sim=0.681,C:\Users\EG\Desktop\Tubitak___is\06_Benchmark_Veritabani\kolay_ham\makale_312118.pdf
315592,1,tr,5,2018,Bakırköy Tıp Dergisi,90.6,4085,1117,0,1.0,0.557,1.0,8147,1,,C:\Users\EG\Desktop\Tubitak___is\06_Benchmark_Veritabani\kolay_ham\makale_315592.pdf
320169,1,tr,5,2018,Jinekoloji-Obstetrik ve Neonatoloji Tıp Dergisi,89.7,4639,1030,0,0.762,1.0,1.0,10418,1,,C:\Users\EG\Desktop\Tubitak___is\06_Benchmark_Veritabani\kolay_ham\makale_320169.pdf
121423,0,mix,44,2007,Milletlerarası Hukuk ve Milletlerarası Özel Hukuk Bülteni,0.0,1,0,0,0.0,0.0,0.0,0,0,taranmis/dusuk-metin;sayfa=44;turkce-degil;grobid-crash;baslik_sim=0.0;ozet-yok;yazar_rec=0.0;govde-kisa,C:\Users\EG\Desktop\Tubitak___is\06_Benchmark_Veritabani\kolay_ham\makale_121423.pdf
321926,1,tr,19,2018,Yönetim ve Ekonomi Araştırmaları Dergisi,95.1,3078,1147,0,0.989,0.692,1.0,40989,1,,C:\Users\EG\Desktop\Tubitak___is\06_Benchmark_Veritabani\kolay_ham\makale_321926.pdf
332544,0,tr,6,2019,Türk Uyku Tıbbı Dergisi,84.8,4752,1287,0,1.0,0.081,1.0,17548,1,ozet_sim=0.081,C:\Users\EG\Desktop\Tubitak___is\06_Benchmark_Veritabani\kolay_ham\makale_332544.pdf
334504,0,tr,8,2019,Türkiye Klinikleri Diş Hekimliği Bilimleri Dergisi,93.1,3282,1155,0,0.0,0.0,0.25,22938,1,baslik_sim=0.0;ozet-yok;yazar_rec=0.25,C:\Users\EG\Desktop\Tubitak___is\06_Benchmark_Veritabani\kolay_ham\makale_334504.pdf
338030,0,en,7,2019,Türk Geriatri Dergisi,92.1,3058,98,0,0.209,1.0,1.0,11154,1,turkce-degil;baslik_sim=0.209,C:\Users\EG\Desktop\Tubitak___is\06_Benchmark_Veritabani\kolay_ham\makale_338030.pdf
341092,0,tr,28,2019,Çalışma ve Toplum,96.3,2962,1070,0,1.0,0.14,1.0,67529,1,ozet_sim=0.14,C:\Users\EG\Desktop\Tubitak___is\06_Benchmark_Veritabani\kolay_ham\makale_341092.pdf
341587,1,tr,7,2019,Turkish Journal of Family Medicine and Primary Care,86.6,3414,1243,0,1.0,0.994,1.0,18100,1,,C:\Users\EG\Desktop\Tubitak___is\06_Benchmark_Veritabani\kolay_ham\makale_341587.pdf
344876,0,tr,12,2019,Selçuk Üniversitesi Sosyal Bilimler Enstitüsü Dergisi,95.2,4518,1789,0,1.0,0.245,1.0,33030,1,ozet_sim=0.245,C:\Users\EG\Desktop\Tubitak___is\06_Benchmark_Veritabani\kolay_ham\makale_344876.pdf
345313,0,en,6,2019,Selcuk Medical Journal,86.6,4325,94,0,1.0,0.994,1.0,13002,1,turkce-degil,C:\Users\EG\Desktop\Tubitak___is\06_Benchmark_Veritabani\kolay_ham\makale_345313.pdf
345999,0,tr,8,2019,Sağlık Bilimleri ve Meslekleri Dergisi /Journal of Health Sciences and Professions,89.4,4411,2004,0,1.0,0.406,1.0,21169,1,ozet_sim=0.406,C:\Users\EG\Desktop\Tubitak___is\06_Benchmark_Veritabani\kolay_ham\makale_345999.pdf
346268,0,tr,26,2019,Maden Tetkik ve Arama Dergisi,81.3,4493,1242,0,0.252,0.871,1.0,52633,1,baslik_sim=0.252,C:\Users\EG\Desktop\Tubitak___is\06_Benchmark_Veritabani\kolay_ham\makale_346268.pdf
347826,0,tr,6,2019,Pamukkale Üniversitesi Mühendislik Bilimleri Dergisi,89.3,4147,1460,0,0.683,0.673,1.0,17265,1,baslik_sim=0.683,C:\Users\EG\Desktop\Tubitak___is\06_Benchmark_Veritabani\kolay_ham\makale_347826.pdf
352775,0,en,15,2019,Turkish Studies (Elektronik),92.6,3491,651,0,1.0,0.14,1.0,26954,1,turkce-degil;ozet_sim=0.14,C:\Users\EG\Desktop\Tubitak___is\06_Benchmark_Veritabani\kolay_ham\makale_352775.pdf
353289,1,tr,5,2018,Respiratory Case Reports,92.4,2913,714,0,1.0,0.994,1.0,10007,1,,C:\Users\EG\Desktop\Tubitak___is\06_Benchmark_Veritabani\kolay_ham\makale_353289.pdf
354251,0,tr,9,2019,Anemon Muş Alparslan Üniversitesi Sosyal Bilimler Dergisi,90.1,4956,2341,0,0.123,0.456,1.0,25581,1,baslik_sim=0.123,C:\Users\EG\Desktop\Tubitak___is\06_Benchmark_Veritabani\kolay_ham\makale_354251.pdf
357858,0,en,31,2019,Psikoloji çalışmaları (Online),93.2,3057,665,0,0.683,0.476,1.0,53804,1,sayfa=31;turkce-degil;baslik_sim=0.683,C:\Users\EG\Desktop\Tubitak___is\06_Benchmark_Veritabani\kolay_ham\makale_357858.pdf
358808,0,tr,29,2020,Bingöl Üniversitesi İlahiyat Fakültesi Dergisi,87.6,3243,960,0,0.588,0.019,0.0,60522,1,baslik_sim=0.588;ozet_sim=0.019;yazar_rec=0.0,C:\Users\EG\Desktop\Tubitak___is\06_Benchmark_Veritabani\kolay_ham\makale_358808.pdf
358933,0,mix,21,2019,Ankara Hacı Bayram Veli Üniversitesi İktisadi ve İdari Bilimler Fakültesi Dergisi (Online),95.8,2279,817,0,0.913,0.52,0.0,25069,1,yazar_rec=0.0,C:\Users\EG\Desktop\Tubitak___is\06_Benchmark_Veritabani\kolay_ham\makale_358933.pdf
359492,0,en,12,2019,Novitas-Royal,92.6,3752,197,0,0.957,0.569,1.0,27890,1,turkce-degil,C:\Users\EG\Desktop\Tubitak___is\06_Benchmark_Veritabani\kolay_ham\makale_359492.pdf
360387,0,tr,18,2020,Muhasebe ve Finansman Dergisi,94.9,3446,1351,0,0.979,0.192,1.0,29586,1,ozet_sim=0.192,C:\Users\EG\Desktop\Tubitak___is\06_Benchmark_Veritabani\kolay_ham\makale_360387.pdf
363565,0,tr,33,2019,Uluslararası Türkçe Edebiyat Kültür Eğitim (TEKE) Dergisi,91.7,3030,1270,0,0.858,0.01,1.0,81987,1,sayfa=33;ozet_sim=0.01,C:\Users\EG\Desktop\Tubitak___is\06_Benchmark_Veritabani\kolay_ham\makale_363565.pdf
363764,0,en,8,2020,İstanbul Tıp Fakültesi Dergisi,91.5,3286,107,0,0.698,0.997,1.0,19858,1,turkce-degil;baslik_sim=0.698,C:\Users\EG\Desktop\Tubitak___is\06_Benchmark_Veritabani\kolay_ham\makale_363764.pdf
364173,1,tr,10,2020,Europan Journal of Science and Technology,91.0,4757,1706,0,1.0,0.655,1.0,29413,1,,C:\Users\EG\Desktop\Tubitak___is\06_Benchmark_Veritabani\kolay_ham\makale_364173.pdf
364593,0,tr,12,2020,Mersin Üniversitesi Eğitim Fakültesi Dergisi,94.4,4544,2095,0,0.675,0.881,1.0,33491,1,baslik_sim=0.675,C:\Users\EG\Desktop\Tubitak___is\06_Benchmark_Veritabani\kolay_ham\makale_364593.pdf
364781,0,tr,18,2018,Afyon Kocatepe Üniversitesi Sosyal Bilimler Dergisi,93.5,2811,1006,0,0.69,0.72,1.0,27942,1,baslik_sim=0.69,C:\Users\EG\Desktop\Tubitak___is\06_Benchmark_Veritabani\kolay_ham\makale_364781.pdf
371293,0,tr,6,2020,Türkiye Klinikleri Diş Hekimliği Bilimleri Dergisi,91.2,4439,1208,0,0.17,0.015,1.0,13272,1,baslik_sim=0.17;ozet_sim=0.015,C:\Users\EG\Desktop\Tubitak___is\06_Benchmark_Veritabani\kolay_ham\makale_371293.pdf
371774,0,tr,4,2019,Acta Medica Alanya,88.7,3379,691,0,0.694,0.996,1.0,7697,1,baslik_sim=0.694,C:\Users\EG\Desktop\Tubitak___is\06_Benchmark_Veritabani\kolay_ham\makale_371774.pdf
373640,0,en,8,2019,Akademik Gıda,92.0,3748,95,0,1.0,0.996,1.0,20321,1,turkce-degil,C:\Users\EG\Desktop\Tubitak___is\06_Benchmark_Veritabani\kolay_ham\makale_373640.pdf
375710,0,en,6,2018,Koşuyolu Heart Journal,87.2,4704,130,0,1.0,0.914,1.0,14874,1,turkce-degil,C:\Users\EG\Desktop\Tubitak___is\06_Benchmark_Veritabani\kolay_ham\makale_375710.pdf
378618,0,en,5,2019,Haseki Tıp Bülteni,90.1,3930,160,0,1.0,0.992,1.0,10867,1,turkce-degil,C:\Users\EG\Desktop\Tubitak___is\06_Benchmark_Veritabani\kolay_ham\makale_378618.pdf
380975,0,en,7,2020,Bakırköy Tıp Dergisi,90.0,4951,262,0,1.0,0.997,1.0,16854,1,turkce-degil,C:\Users\EG\Desktop\Tubitak___is\06_Benchmark_Veritabani\kolay_ham\makale_380975.pdf
381003,0,en,8,2019,Kafkas Üniversitesi Veteriner Fakültesi Dergisi,85.8,4662,157,0,1.0,0.999,1.0,26858,1,turkce-degil,C:\Users\EG\Desktop\Tubitak___is\06_Benchmark_Veritabani\kolay_ham\makale_381003.pdf
381278,0,mix,17,2020,Ankara Medical Journal,92.7,2190,854,0,0.607,0.898,1.0,23585,1,baslik_sim=0.607,C:\Users\EG\Desktop\Tubitak___is\06_Benchmark_Veritabani\kolay_ham\makale_381278.pdf
384756,0,tr,16,2019,Dokuz Eylül Üniversitesi Sosyal Bilimler Enstitüsü Dergisi,94.6,3067,1222,0,0.218,0.998,1.0,27763,1,baslik_sim=0.218,C:\Users\EG\Desktop\Tubitak___is\06_Benchmark_Veritabani\kolay_ham\makale_384756.pdf
386366,0,mix,8,2020,Flora İnfeksiyon Hastalıkları ve Klinik Mikrobiyoloji Dergisi,87.4,3401,1331,0,1.0,0.042,1.0,17531,1,ozet_sim=0.042,C:\Users\EG\Desktop\Tubitak___is\06_Benchmark_Veritabani\kolay_ham\makale_386366.pdf
389595,1,tr,13,2019,Düzce Üniversitesi Bilim ve Teknoloji Dergisi,94.0,2634,885,0,1.0,0.989,1.0,19891,1,,C:\Users\EG\Desktop\Tubitak___is\06_Benchmark_Veritabani\kolay_ham\makale_389595.pdf
389676,0,tr,20,2019,Gazi Üniversitesi Mühendislik Mimarlık Fakültesi Dergisi,94.4,5329,1776,0,1.0,0.164,1.0,55731,1,ozet_sim=0.164,C:\Users\EG\Desktop\Tubitak___is\06_Benchmark_Veritabani\kolay_ham\makale_389676.pdf
390818,0,mix,16,2020,Gazi Üniversitesi Mühendislik Mimarlık Fakültesi Dergisi,95.9,5473,2029,0,1.0,0.02,1.0,42694,1,ozet_sim=0.02,C:\Users\EG\Desktop\Tubitak___is\06_Benchmark_Veritabani\kolay_ham\makale_390818.pdf
391721,0,tr,40,2019,Sosyal Politika Çalışmaları Dergisi,95.9,2679,1104,0,0.925,0.696,1.0,79855,1,sayfa=40,C:\Users\EG\Desktop\Tubitak___is\06_Benchmark_Veritabani\kolay_ham\makale_391721.pdf
393862,1,tr,11,2019,Kocatepe Veterinary Journal,91.2,3633,1016,0,1.0,0.563,1.0,34170,1,,C:\Users\EG\Desktop\Tubitak___is\06_Benchmark_Veritabani\kolay_ham\makale_393862.pdf
394241,1,tr,16,2020,GIDA,93.2,3528,1100,0,1.0,0.854,1.0,32823,1,,C:\Users\EG\Desktop\Tubitak___is\06_Benchmark_Veritabani\kolay_ham\makale_394241.pdf
403885,1,tr,20,2021,OPUS Uluslararası Toplum Araştırmaları Dergisi,94.1,2487,958,0,0.981,0.995,1.0,40164,1,,C:\Users\EG\Desktop\Tubitak___is\06_Benchmark_Veritabani\kolay_ham\makale_403885.pdf
409379,0,en,12,2020,"Turkish Studies - Economics, Finance, Politics ",93.5,3964,180,0,0.252,0.996,1.0,28813,1,turkce-degil;baslik_sim=0.252,C:\Users\EG\Desktop\Tubitak___is\06_Benchmark_Veritabani\kolay_ham\makale_409379.pdf
415075,1,tr,15,2020,EGE COĞRAFYA DERGİSİ,93.7,4922,1923,0,0.927,0.997,1.0,46450,1,,C:\Users\EG\Desktop\Tubitak___is\06_Benchmark_Veritabani\kolay_ham\makale_415075.pdf
417426,1,tr,19,2020,Muhasebe ve Denetime Bakış,94.1,3173,1204,0,1.0,0.931,1.0,43647,1,,C:\Users\EG\Desktop\Tubitak___is\06_Benchmark_Veritabani\kolay_ham\makale_417426.pdf
422388,0,en,6,2021,Pamukkale Tıp Dergisi,87.3,4312,111,0,0.684,0.981,1.0,11244,1,turkce-degil;baslik_sim=0.684,C:\Users\EG\Desktop\Tubitak___is\06_Benchmark_Veritabani\kolay_ham\makale_422388.pdf
422674,0,tr,44,2020,Ankara Üniversitesi Hukuk Fakültesi Dergisi,92.5,2924,1130,0,1.0,0.684,1.0,109652,1,sayfa=44,C:\Users\EG\Desktop\Tubitak___is\06_Benchmark_Veritabani\kolay_ham\makale_422674.pdf
423706,0,tr,6,2021,Atatürk Üniversitesi Diş Hekimliği Fakültesi Dergisi,92.2,4550,1216,0,0.69,0.987,1.0,14621,1,baslik_sim=0.69,C:\Users\EG\Desktop\Tubitak___is\06_Benchmark_Veritabani\kolay_ham\makale_423706.pdf
425670,0,mix,25,2020,Sanat Tarihi Yıllığı,91.3,3355,1097,0,0.655,0.717,1.0,45045,1,baslik_sim=0.655,C:\Users\EG\Desktop\Tubitak___is\06_Benchmark_Veritabani\kolay_ham\makale_425670.pdf
427732,0,en,6,2020,Turkish Journal of Obstetrics and Gynecology,90.8,5345,122,0,1.0,0.968,1.0,16902,1,turkce-degil,C:\Users\EG\Desktop\Tubitak___is\06_Benchmark_Veritabani\kolay_ham\makale_427732.pdf
427953,1,tr,28,2020,Istanbul Ticaret Üniversitesi Sosyal Bilimler Dergisi,94.6,3113,1352,0,0.971,0.795,1.0,49498,1,,C:\Users\EG\Desktop\Tubitak___is\06_Benchmark_Veritabani\kolay_ham\makale_427953.pdf
429984,0,tr,6,2020,Ege Klinikleri Tıp Dergisi,90.9,2946,910,0,0.188,0.891,0.0,11530,1,baslik_sim=0.188;yazar_rec=0.0,C:\Users\EG\Desktop\Tubitak___is\06_Benchmark_Veritabani\kolay_ham\makale_429984.pdf
432172,0,mix,29,2021,İnsan ve Toplum Bilimleri Araştırmaları Dergisi,93.0,2727,934,0,0.242,1.0,0.0,60634,1,baslik_sim=0.242;yazar_rec=0.0,C:\Users\EG\Desktop\Tubitak___is\06_Benchmark_Veritabani\kolay_ham\makale_432172.pdf
435505,0,en,10,2013,FLSF (Felsefe ve Sosyal Bilimler Dergisi),95.0,3070,65,0,0.949,0.762,1.0,24903,1,turkce-degil,C:\Users\EG\Desktop\Tubitak___is\06_Benchmark_Veritabani\kolay_ham\makale_435505.pdf
438951,1,tr,8,2021,EGE COĞRAFYA DERGİSİ,95.6,5248,2245,0,0.984,1.0,1.0,29544,1,,C:\Users\EG\Desktop\Tubitak___is\06_Benchmark_Veritabani\kolay_ham\makale_438951.pdf
450458,0,tr,22,2020,Türkiye Barolar Birliği Dergisi,91.0,2447,985,0,0.688,0.999,1.0,34506,1,baslik_sim=0.688,C:\Users\EG\Desktop\Tubitak___is\06_Benchmark_Veritabani\kolay_ham\makale_450458.pdf
452007,0,tr,11,2021,Atatürk Üniversitesi Ziraat Fakültesi Dergisi,88.5,4890,1421,0,0.267,0.991,1.0,25921,1,baslik_sim=0.267,C:\Users\EG\Desktop\Tubitak___is\06_Benchmark_Veritabani\kolay_ham\makale_452007.pdf
452150,0,tr,27,2020,Adıyaman Üniversitesi Sosyal Bilimler Enstitü Dergisi,94.5,2112,927,0,0.889,0.018,1.0,46156,1,ozet_sim=0.018,C:\Users\EG\Desktop\Tubitak___is\06_Benchmark_Veritabani\kolay_ham\makale_452150.pdf
453375,1,tr,11,2020,Sosyal Bilimler Araştırmaları Dergisi,93.7,4747,2012,0,0.918,0.804,1.0,39970,1,,C:\Users\EG\Desktop\Tubitak___is\06_Benchmark_Veritabani\kolay_ham\makale_453375.pdf
453691,1,tr,14,2020,Sosyal Bilimler Araştırmaları Dergisi,88.1,5358,2192,0,1.0,1.0,1.0,31419,1,,C:\Users\EG\Desktop\Tubitak___is\06_Benchmark_Veritabani\kolay_ham\makale_453691.pdf
455349,0,tr,24,2021,Toplum ve Sosyal Hizmet,94.4,3569,1356,0,0.298,0.382,1.0,56965,1,baslik_sim=0.298;ozet_sim=0.382,C:\Users\EG\Desktop\Tubitak___is\06_Benchmark_Veritabani\kolay_ham\makale_455349.pdf
465296,0,tr,11,2020,Pamukkale Tıp Dergisi,89.7,3284,1290,0,0.667,0.691,1.0,20591,1,baslik_sim=0.667,C:\Users\EG\Desktop\Tubitak___is\06_Benchmark_Veritabani\kolay_ham\makale_465296.pdf
466615,1,tr,8,2021,Europan Journal of Science and Technology,93.2,4738,1981,0,0.995,0.494,1.0,25802,1,,C:\Users\EG\Desktop\Tubitak___is\06_Benchmark_Veritabani\kolay_ham\makale_466615.pdf
467329,0,en,18,2020,Boğaziçi Üniversitesi Eğitim Dergisi,94.0,3469,16,0,0.965,1.0,1.0,47703,1,turkce-degil,C:\Users\EG\Desktop\Tubitak___is\06_Benchmark_Veritabani\kolay_ham\makale_467329.pdf
467880,0,en,7,2021,EXPERIMED,89.8,4518,146,0,0.656,0.995,1.0,17901,1,turkce-degil;baslik_sim=0.656,C:\Users\EG\Desktop\Tubitak___is\06_Benchmark_Veritabani\kolay_ham\makale_467880.pdf
479093,0,en,12,2021,Batı Anadolu Eğitim Bilimleri Dergisi(BAEBD),93.9,3568,1076,0,0.672,0.997,0.5,23572,1,turkce-degil;baslik_sim=0.672,C:\Users\EG\Desktop\Tubitak___is\06_Benchmark_Veritabani\kolay_ham\makale_479093.pdf
483351,0,tr,25,2021,Erciyes İletişim Dergisi,94.3,3237,1116,0,0.958,0.268,0.5,80192,1,ozet_sim=0.268,C:\Users\EG\Desktop\Tubitak___is\06_Benchmark_Veritabani\kolay_ham\makale_483351.pdf
486128,0,en,9,2021,Türk Kardiyoloji Derneği Arşivi,83.4,3826,158,0,0.67,0.994,1.0,24045,1,turkce-degil;baslik_sim=0.67,C:\Users\EG\Desktop\Tubitak___is\06_Benchmark_Veritabani\kolay_ham\makale_486128.pdf
490182,0,tr,30,2020,Türk Psikoloji Yazıları,91.2,4541,1931,0,1.0,0.009,1.0,80252,1,ozet-yok,C:\Users\EG\Desktop\Tubitak___is\06_Benchmark_Veritabani\kolay_ham\makale_490182.pdf
491012,0,en,8,2021,Türkiye Klinikleri Hemşirelik Bilimleri Dergisi,85.6,4127,223,0,0.736,0.029,1.0,17938,1,turkce-degil;baslik_sim=0.736;ozet_sim=0.029,C:\Users\EG\Desktop\Tubitak___is\06_Benchmark_Veritabani\kolay_ham\makale_491012.pdf
491786,0,tr,11,2020,Bilişim Teknolojileri Dergisi,90.4,4187,1459,0,0.0,0.018,0.0,29120,1,baslik_sim=0.0;ozet_sim=0.018;yazar_rec=0.0,C:\Users\EG\Desktop\Tubitak___is\06_Benchmark_Veritabani\kolay_ham\makale_491786.pdf
492275,0,tr,6,2021,Trakya Üniversitesi Balkan Araştırma Enstitüsü Dergisi,91.0,2365,1078,0,0.0,0.0,0.0,10445,1,baslik_sim=0.0;ozet-yok;yazar_rec=0.0,C:\Users\EG\Desktop\Tubitak___is\06_Benchmark_Veritabani\kolay_ham\makale_492275.pdf
493278,0,tr,20,2021,Journal of Yasar University,92.9,2890,969,0,0.696,0.996,0.0,39492,1,baslik_sim=0.696;yazar_rec=0.0,C:\Users\EG\Desktop\Tubitak___is\06_Benchmark_Veritabani\kolay_ham\makale_493278.pdf
499360,0,en,23,2021,Intermedia International e-Journal,95.4,4691,1580,0,0.975,1.0,1.0,63126,1,turkce-degil,C:\Users\EG\Desktop\Tubitak___is\06_Benchmark_Veritabani\kolay_ham\makale_499360.pdf
504411,1,tr,8,2022,Doğal Afetler ve Çevre Dergisi,93.3,2974,1162,0,1.0,1.0,1.0,15086,1,,C:\Users\EG\Desktop\Tubitak___is\06_Benchmark_Veritabani\kolay_ham\makale_504411.pdf
505790,0,en,19,2021,Turkish Studies (Elektronik),94.1,4575,1253,0,0.714,0.806,1.0,43435,1,turkce-degil;baslik_sim=0.714,C:\Users\EG\Desktop\Tubitak___is\06_Benchmark_Veritabani\kolay_ham\makale_505790.pdf
507688,1,tr,24,2021,Afyon Kocatepe Üniversitesi Fen ve Mühendislik Bilimleri Dergisi,89.4,3667,1288,0,1.0,0.948,1.0,41531,1,,C:\Users\EG\Desktop\Tubitak___is\06_Benchmark_Veritabani\kolay_ham\makale_507688.pdf
258844,0,mix,12,2017,Tarım Ekonomisi Dergisi,85.6,4310,3,0,0.0,0.0,0.0,0,0,turkce-degil;grobid-crash;baslik_sim=0.0;ozet-yok;yazar_rec=0.0;govde-kisa,C:\Users\EG\Desktop\Tubitak___is\06_Benchmark_Veritabani\kolay_ham\makale_258844.pdf
511181,0,tr,13,2021,Türkiye Klinikleri Hemşirelik Bilimleri Dergisi,90.2,4093,1621,0,1.0,0.023,1.0,30393,1,ozet_sim=0.023,C:\Users\EG\Desktop\Tubitak___is\06_Benchmark_Veritabani\kolay_ham\makale_511181.pdf
515053,0,tr,26,2021,Türk İdare Dergisi,94.6,2122,824,0,0.0,0.999,0.0,49739,1,baslik_sim=0.0;yazar_rec=0.0,C:\Users\EG\Desktop\Tubitak___is\06_Benchmark_Veritabani\kolay_ham\makale_515053.pdf
516824,0,tr,8,2021,Mali Çözüm,96.1,2562,1135,0,0.0,0.0,0.0,18835,1,baslik_sim=0.0;ozet-yok;yazar_rec=0.0,C:\Users\EG\Desktop\Tubitak___is\06_Benchmark_Veritabani\kolay_ham\makale_516824.pdf
520012,0,en,5,2022,Türkderm Türk deri hastalıkları ve frengi arşivi,94.7,4662,44,0,0.0,0.0,1.0,19252,1,turkce-degil;baslik_sim=0.0;ozet_sim=0.0,C:\Users\EG\Desktop\Tubitak___is\06_Benchmark_Veritabani\kolay_ham\makale_520012.pdf
527357,1,tr,16,2021,Maliye Dergisi,94.5,2925,1108,0,1.0,0.998,1.0,28820,1,,C:\Users\EG\Desktop\Tubitak___is\06_Benchmark_Veritabani\kolay_ham\makale_527357.pdf
533068,0,en,16,2022,Yakın Doğu Üniversitesi İslam Tetkikleri  Merkezi dergisi (Online),93.2,4007,1136,0,1.0,0.005,0.0,19805,1,turkce-degil;ozet_sim=0.005;yazar_rec=0.0,C:\Users\EG\Desktop\Tubitak___is\06_Benchmark_Veritabani\kolay_ham\makale_533068.pdf
603211,0,mix,83,1994,,0.0,1,0,0,0.0,0.0,0.0,0,0,taranmis/dusuk-metin;sayfa=83;turkce-degil;grobid-crash;baslik_sim=0.0;ozet-yok;yazar_rec=0.0;govde-kisa,C:\Users\EG\Desktop\Tubitak___is\06_Benchmark_Veritabani\kolay_ham\makale_603211.pdf
601586,0,mix,161,2000,,0.0,1,0,0,0.0,0.0,0.0,0,0,taranmis/dusuk-metin;sayfa=161;turkce-degil;grobid-crash;baslik_sim=0.0;ozet-yok;yazar_rec=0.0;govde-kisa,C:\Users\EG\Desktop\Tubitak___is\06_Benchmark_Veritabani\kolay_ham\makale_601586.pdf
600108,0,mix,299,2004,,0.0,1,0,0,0.0,0.0,0.0,0,0,taranmis/dusuk-metin;sayfa=299;turkce-degil;grobid-crash;baslik_sim=0.0;ozet-yok;yazar_rec=0.0;govde-kisa,C:\Users\EG\Desktop\Tubitak___is\06_Benchmark_Veritabani\kolay_ham\makale_600108.pdf
601136,0,mix,57,1972,,0.0,1,0,0,0.0,0.0,0.0,0,0,taranmis/dusuk-metin;sayfa=57;turkce-degil;grobid-crash;baslik_sim=0.0;ozet-yok;yazar_rec=0.0;govde-kisa,C:\Users\EG\Desktop\Tubitak___is\06_Benchmark_Veritabani\kolay_ham\makale_601136.pdf
604454,0,mix,29,2000,,0.0,1,0,0,0.0,0.0,0.0,0,0,taranmis/dusuk-metin;turkce-degil;grobid-crash;baslik_sim=0.0;ozet-yok;yazar_rec=0.0;govde-kisa,C:\Users\EG\Desktop\Tubitak___is\06_Benchmark_Veritabani\kolay_ham\makale_604454.pdf
604823,0,mix,32,1980,,0.0,1,0,0,0.0,0.0,0.0,0,0,taranmis/dusuk-metin;sayfa=32;turkce-degil;grobid-crash;baslik_sim=0.0;ozet-yok;yazar_rec=0.0;govde-kisa,C:\Users\EG\Desktop\Tubitak___is\06_Benchmark_Veritabani\kolay_ham\makale_604823.pdf
604502,0,mix,151,2003,,0.0,1,0,0,0.0,0.0,0.0,0,0,taranmis/dusuk-metin;sayfa=151;turkce-degil;grobid-crash;baslik_sim=0.0;ozet-yok;yazar_rec=0.0;govde-kisa,C:\Users\EG\Desktop\Tubitak___is\06_Benchmark_Veritabani\kolay_ham\makale_604502.pdf
603554,0,mix,287,2002,,0.0,1,0,0,0.0,0.0,0.0,0,0,taranmis/dusuk-metin;sayfa=287;turkce-degil;grobid-crash;baslik_sim=0.0;ozet-yok;yazar_rec=0.0;govde-kisa,C:\Users\EG\Desktop\Tubitak___is\06_Benchmark_Veritabani\kolay_ham\makale_603554.pdf
605846,0,mix,109,2004,,0.0,1,0,0,0.0,0.0,0.0,0,0,taranmis/dusuk-metin;sayfa=109;turkce-degil;grobid-crash;baslik_sim=0.0;ozet-yok;yazar_rec=0.0;govde-kisa,C:\Users\EG\Desktop\Tubitak___is\06_Benchmark_Veritabani\kolay_ham\makale_605846.pdf
606603,0,mix,26,1996,,0.0,1,0,0,0.0,0.0,0.0,0,0,taranmis/dusuk-metin;turkce-degil;grobid-crash;baslik_sim=0.0;ozet-yok;yazar_rec=0.0;govde-kisa,C:\Users\EG\Desktop\Tubitak___is\06_Benchmark_Veritabani\kolay_ham\makale_606603.pdf
609661,0,tr,102,2008,,63.6,2609,761,0,0.0,0.0,0.0,124399,1,sayfa=102;baslik_sim=0.0;ozet_sim=0.0;yazar_rec=0.0,C:\Users\EG\Desktop\Tubitak___is\06_Benchmark_Veritabani\kolay_ham\makale_609661.pdf
611785,0,mix,193,2009,,85.2,1504,292,0,0.968,0.0,1.0,157881,1,sayfa=193;ozet_sim=0.0,C:\Users\EG\Desktop\Tubitak___is\06_Benchmark_Veritabani\kolay_ham\makale_611785.pdf
606615,0,mix,29,1995,,0.0,1,0,0,0.0,0.0,0.0,0,0,taranmis/dusuk-metin;turkce-degil;grobid-crash;baslik_sim=0.0;ozet-yok;yazar_rec=0.0;govde-kisa,C:\Users\EG\Desktop\Tubitak___is\06_Benchmark_Veritabani\kolay_ham\makale_606615.pdf
612999,0,tr,49,2014,,49.5,1333,376,0,0.809,0.0,0.67,70394,1,taranmis/dusuk-metin;sayfa=49;ozet_sim=0.0,C:\Users\EG\Desktop\Tubitak___is\06_Benchmark_Veritabani\kolay_ham\makale_612999.pdf
614407,0,tr,78,2015,,34.3,2744,626,0,0.0,0.0,0.0,70515,1,taranmis/dusuk-metin;sayfa=78;baslik_sim=0.0;ozet_sim=0.0;yazar_rec=0.0,C:\Users\EG\Desktop\Tubitak___is\06_Benchmark_Veritabani\kolay_ham\makale_614407.pdf
614564,0,tr,47,2015,,54.7,1178,315,0,0.0,0.0,0.0,63230,1,taranmis/dusuk-metin;sayfa=47;baslik_sim=0.0;ozet_sim=0.0;yazar_rec=0.0,C:\Users\EG\Desktop\Tubitak___is\06_Benchmark_Veritabani\kolay_ham\makale_614564.pdf
615341,0,tr,118,2015,,42.2,2251,505,0,1.0,0.0,0.0,191277,1,taranmis/dusuk-metin;sayfa=118;ozet_sim=0.0;yazar_rec=0.0,C:\Users\EG\Desktop\Tubitak___is\06_Benchmark_Veritabani\kolay_ham\makale_615341.pdf
616488,0,en,22,2015,,66.9,1571,407,0,0.757,0.0,0.4,30162,1,turkce-degil;ozet_sim=0.0;yazar_rec=0.4,C:\Users\EG\Desktop\Tubitak___is\06_Benchmark_Veritabani\kolay_ham\makale_616488.pdf
618861,0,tr,138,2019,,89.5,2250,850,0,0.0,0.004,0.0,148730,1,sayfa=138;baslik_sim=0.0;ozet_sim=0.004;yazar_rec=0.0,C:\Users\EG\Desktop\Tubitak___is\06_Benchmark_Veritabani\kolay_ham\makale_618861.pdf
619786,0,tr,59,2017,,41.9,2125,475,0,0.0,0.041,1.0,71127,1,taranmis/dusuk-metin;sayfa=59;baslik_sim=0.0;ozet_sim=0.041,C:\Users\EG\Desktop\Tubitak___is\06_Benchmark_Veritabani\kolay_ham\makale_619786.pdf
606271,0,mix,106,2003,,0.0,1,0,0,0.0,0.0,0.0,0,0,taranmis/dusuk-metin;sayfa=106;turkce-degil;grobid-crash;baslik_sim=0.0;ozet-yok;yazar_rec=0.0;govde-kisa,C:\Users\EG\Desktop\Tubitak___is\06_Benchmark_Veritabani\kolay_ham\makale_606271.pdf
1058301,0,en,9,2021,RumeliDE Dil ve Edebiyat Araştırmaları Dergisi,94.0,4393,242,0,0.934,0.992,1.0,30098,1,turkce-degil,C:\Users\EG\Desktop\Tubitak___is\06_Benchmark_Veritabani\kolay_ham\makale_1058301.pdf
1071553,0,tr,35,2022,Ahi Evran Üniversitesi Kırşehir Eğitim Fakültesi Dergisi,91.5,3321,1353,0,0.0,0.848,1.0,71717,1,sayfa=35;baslik_sim=0.0,C:\Users\EG\Desktop\Tubitak___is\06_Benchmark_Veritabani\kolay_ham\makale_1071553.pdf
606746,0,mix,53,2006,,0.0,1,0,0,0.0,0.0,0.0,0,0,taranmis/dusuk-metin;sayfa=53;turkce-degil;grobid-crash;baslik_sim=0.0;ozet-yok;yazar_rec=0.0;govde-kisa,C:\Users\EG\Desktop\Tubitak___is\06_Benchmark_Veritabani\kolay_ham\makale_606746.pdf
1098179,0,tr,30,2021,Dokuz Eylül Üniversitesi İşletme Fakültesi Dergisi,92.3,3285,1317,0,0.0,0.846,0.0,64051,1,baslik_sim=0.0;yazar_rec=0.0,C:\Users\EG\Desktop\Tubitak___is\06_Benchmark_Veritabani\kolay_ham\makale_1098179.pdf
1076229,0,en,23,2022,Anemon Muş Alparslan Üniversitesi Sosyal Bilimler Dergisi,92.6,2327,170,0,0.687,1.0,1.0,32530,1,turkce-degil;baslik_sim=0.687,C:\Users\EG\Desktop\Tubitak___is\06_Benchmark_Veritabani\kolay_ham\makale_1076229.pdf
1095430,0,tr,19,2022,Adalet Dergisi ,95.4,3061,1108,0,0.634,0.007,1.0,47120,1,baslik_sim=0.634;ozet_sim=0.007,C:\Users\EG\Desktop\Tubitak___is\06_Benchmark_Veritabani\kolay_ham\makale_1095430.pdf
1109440,1,tr,12,2022,Manas Journal of Social Studies,95.5,5043,2381,0,0.958,0.966,1.0,36253,1,,C:\Users\EG\Desktop\Tubitak___is\06_Benchmark_Veritabani\kolay_ham\makale_1109440.pdf
1107565,0,tr,11,2022,Celal Bayar Üniversitesi Sosyal Bilimler Dergisi,93.5,3465,1070,0,0.96,0.039,1.0,28710,1,ozet_sim=0.039,C:\Users\EG\Desktop\Tubitak___is\06_Benchmark_Veritabani\kolay_ham\makale_1107565.pdf
1108102,0,tr,26,2022,EĞİTİM VE İNSANİ BİLİMLER DERGİSİ: TEORİ VE UYGULAMA,93.1,2455,1167,0,0.573,0.0,0.0,47372,1,baslik_sim=0.573;ozet-yok;yazar_rec=0.0,C:\Users\EG\Desktop\Tubitak___is\06_Benchmark_Veritabani\kolay_ham\makale_1108102.pdf
1110092,0,en,14,2022,İzmir iktisat dergisi,86.5,3782,87,0,0.981,0.991,1.0,37212,1,turkce-degil,C:\Users\EG\Desktop\Tubitak___is\06_Benchmark_Veritabani\kolay_ham\makale_1110092.pdf
620963,0,tr,360,2019,,84.0,2041,1023,0,0.0,0.018,0.0,282007,1,sayfa=360;baslik_sim=0.0;ozet_sim=0.018;yazar_rec=0.0,C:\Users\EG\Desktop\Tubitak___is\06_Benchmark_Veritabani\kolay_ham\makale_620963.pdf
1110829,0,mix,22,2021,Bingöl Üniversitesi Sosyal Bilimler Enstitüsü Dergisi,95.1,2739,836,0,0.0,0.547,0.0,40122,1,baslik_sim=0.0;yazar_rec=0.0,C:\Users\EG\Desktop\Tubitak___is\06_Benchmark_Veritabani\kolay_ham\makale_1110829.pdf
1111182,0,tr,14,2021,Bingöl Üniversitesi İlahiyat Fakültesi Dergisi,94.2,4173,1597,0,0.0,0.03,0.0,43361,1,baslik_sim=0.0;ozet_sim=0.03;yazar_rec=0.0,C:\Users\EG\Desktop\Tubitak___is\06_Benchmark_Veritabani\kolay_ham\makale_1111182.pdf
1113752,0,tr,10,2021,Tokat ilmiyat dergisi,93.7,2394,929,0,0.171,0.995,0.0,20897,1,baslik_sim=0.171;yazar_rec=0.0,C:\Users\EG\Desktop\Tubitak___is\06_Benchmark_Veritabani\kolay_ham\makale_1113752.pdf
1112955,0,en,8,2022,Folklor/Edebiyat,93.8,3081,792,0,0.704,0.148,1.0,17873,1,turkce-degil;baslik_sim=0.704;ozet_sim=0.148,C:\Users\EG\Desktop\Tubitak___is\06_Benchmark_Veritabani\kolay_ham\makale_1112955.pdf
1113421,0,mix,7,2021,Tokat ilmiyat dergisi,95.3,2559,872,0,0.286,1.0,0.0,14073,1,baslik_sim=0.286;yazar_rec=0.0,C:\Users\EG\Desktop\Tubitak___is\06_Benchmark_Veritabani\kolay_ham\makale_1113421.pdf
1112956,1,tr,20,2019,Cumhuriyet Üniversitesi İktisadi ve İdari Bilimler Dergisi,95.0,2637,1085,0,1.0,0.985,1.0,35524,1,,C:\Users\EG\Desktop\Tubitak___is\06_Benchmark_Veritabani\kolay_ham\makale_1112956.pdf
1113789,0,en,24,2022,Çeviribilim ve Uygulamaları,93.2,3300,245,0,0.643,1.0,1.0,59341,1,turkce-degil;baslik_sim=0.643,C:\Users\EG\Desktop\Tubitak___is\06_Benchmark_Veritabani\kolay_ham\makale_1113789.pdf
1114360,0,en,9,2021,Turkish Journal of Clinics and Laboratory,89.1,3436,117,0,1.0,0.985,1.0,18641,1,turkce-degil,C:\Users\EG\Desktop\Tubitak___is\06_Benchmark_Veritabani\kolay_ham\makale_1114360.pdf
1114466,0,tr,13,2021,Gümüşhane Üniversitesi Sosyal Bilimler Dergisi,90.4,4234,1882,0,0.647,0.998,1.0,33425,1,baslik_sim=0.647,C:\Users\EG\Desktop\Tubitak___is\06_Benchmark_Veritabani\kolay_ham\makale_1114466.pdf
1115357,0,en,8,2021,Kahramanmaraş Sütçü İmam Üniversitesi Tarım ve Doğa Dergisi,88.5,4324,197,0,1.0,1.0,1.0,23578,1,turkce-degil,C:\Users\EG\Desktop\Tubitak___is\06_Benchmark_Veritabani\kolay_ham\makale_1115357.pdf
1114940,1,tr,11,2022,Atatürk Üniversitesi Ziraat Fakültesi Dergisi,92.8,6534,2304,0,0.986,0.908,1.0,43973,1,,C:\Users\EG\Desktop\Tubitak___is\06_Benchmark_Veritabani\kolay_ham\makale_1114940.pdf
1115444,1,tr,16,2022,Türkiye Sosyal Araştırmalar Dergisi,91.3,4014,1553,0,1.0,0.97,1.0,49046,1,,C:\Users\EG\Desktop\Tubitak___is\06_Benchmark_Veritabani\kolay_ham\makale_1115444.pdf
1115762,0,en,12,2022,RumeliDE Dil ve Edebiyat Araştırmaları Dergisi,93.2,4469,468,0,0.979,0.198,1.0,33720,1,turkce-degil;ozet_sim=0.198,C:\Users\EG\Desktop\Tubitak___is\06_Benchmark_Veritabani\kolay_ham\makale_1115762.pdf
1117181,1,tr,7,2021,Kahramanmaraş Sütçü İmam Üniversitesi Tarım ve Doğa Dergisi,92.8,4908,1734,0,0.988,0.998,0.75,22969,1,,C:\Users\EG\Desktop\Tubitak___is\06_Benchmark_Veritabani\kolay_ham\makale_1117181.pdf
1116667,0,mix,25,2021,İleti-ş-im,94.9,2722,902,0,0.878,0.014,1.0,64432,1,ozet-yok,C:\Users\EG\Desktop\Tubitak___is\06_Benchmark_Veritabani\kolay_ham\makale_1116667.pdf
1117292,1,mix,9,2022,Mehmet Akif Ersoy Üniversitesi Veteriner Fakültesi Dergisi,89.4,3194,939,0,1.0,0.62,1.0,23057,1,,C:\Users\EG\Desktop\Tubitak___is\06_Benchmark_Veritabani\kolay_ham\makale_1117292.pdf
1120443,1,tr,30,2021,Karadeniz Araştırmaları,94.1,4377,1730,0,0.94,0.993,1.0,56161,1,,C:\Users\EG\Desktop\Tubitak___is\06_Benchmark_Veritabani\kolay_ham\makale_1120443.pdf
1120783,0,tr,18,2022,Muhasebe ve Denetime Bakış,93.7,2803,1366,0,1.0,0.997,0.0,39488,1,yazar_rec=0.0,C:\Users\EG\Desktop\Tubitak___is\06_Benchmark_Veritabani\kolay_ham\makale_1120783.pdf
1119949,0,en,38,2022,Üçüncü Sektör Sosyal Ekonomi,93.2,4562,143,0,0.647,0.083,0.0,90643,1,sayfa=38;turkce-degil;baslik_sim=0.647;ozet_sim=0.083;yazar_rec=0.0,C:\Users\EG\Desktop\Tubitak___is\06_Benchmark_Veritabani\kolay_ham\makale_1119949.pdf
1121501,0,mix,31,2022,Mevzu –Sosyal bilimler dergisi (Online),93.1,2259,703,0,0.789,0.999,1.0,53109,1,sayfa=31,C:\Users\EG\Desktop\Tubitak___is\06_Benchmark_Veritabani\kolay_ham\makale_1121501.pdf
1122626,0,en,7,2021,Ordu Üniversitesi Hemşirelik Çalışmaları Dergisi (Online) ,88.9,4621,225,0,0.5,0.824,1.0,22428,1,turkce-degil;baslik_sim=0.5,C:\Users\EG\Desktop\Tubitak___is\06_Benchmark_Veritabani\kolay_ham\makale_1122626.pdf
1123004,1,tr,10,2022,Iğdır Üniversitesi Fen Bilimleri Enstitüsü Dergisi,92.6,3168,1054,0,1.0,0.629,1.0,18319,1,,C:\Users\EG\Desktop\Tubitak___is\06_Benchmark_Veritabani\kolay_ham\makale_1123004.pdf
1122772,0,en,18,2021,Şarkiyat Mecmuası,96.1,3017,125,0,0.67,0.269,1.0,55049,1,turkce-degil;baslik_sim=0.67;ozet_sim=0.269,C:\Users\EG\Desktop\Tubitak___is\06_Benchmark_Veritabani\kolay_ham\makale_1122772.pdf
1123312,0,en,16,2021,Trakya Üniversitesi Sosyal Bilimler Dergisi,94.0,3169,650,0,0.651,0.971,1.0,29735,1,turkce-degil;baslik_sim=0.651,C:\Users\EG\Desktop\Tubitak___is\06_Benchmark_Veritabani\kolay_ham\makale_1123312.pdf
1124841,0,en,5,2022,Ege Üniversitesi Hemşirelik Fakültesi Dergisi,88.3,3630,105,0,0.118,0.446,1.0,12314,1,turkce-degil;baslik_sim=0.118;ozet_sim=0.446,C:\Users\EG\Desktop\Tubitak___is\06_Benchmark_Veritabani\kolay_ham\makale_1124841.pdf
1124629,0,en,10,2022,Sağlık ve Hemşirelik Yönetimi Dergisi,92.1,5107,1393,0,0.303,0.977,1.0,27850,1,turkce-degil;baslik_sim=0.303,C:\Users\EG\Desktop\Tubitak___is\06_Benchmark_Veritabani\kolay_ham\makale_1124629.pdf
1123655,0,tr,17,2022,Akdeniz İnsani Bilimler Dergisi,94.0,4130,1770,0,0.705,0.997,1.0,43428,1,baslik_sim=0.705,C:\Users\EG\Desktop\Tubitak___is\06_Benchmark_Veritabani\kolay_ham\makale_1123655.pdf
1126384,0,en,14,2022,Türkiye Entomoloji Dergisi,90.6,4096,231,0,0.667,0.967,1.0,36267,1,turkce-degil;baslik_sim=0.667,C:\Users\EG\Desktop\Tubitak___is\06_Benchmark_Veritabani\kolay_ham\makale_1126384.pdf
1127353,0,tr,5,2021,Van Tıp Dergisi,88.3,4165,1145,0,0.19,0.037,1.0,12380,1,baslik_sim=0.19;ozet_sim=0.037,C:\Users\EG\Desktop\Tubitak___is\06_Benchmark_Veritabani\kolay_ham\makale_1127353.pdf
1128944,1,tr,9,2021,Mühendislik Bilimleri ve Tasarım Dergisi,93.0,3366,1439,0,1.0,1.0,1.0,19887,1,,C:\Users\EG\Desktop\Tubitak___is\06_Benchmark_Veritabani\kolay_ham\makale_1128944.pdf
1128043,1,tr,15,2021,El-Cezerî Journal of Science and Engineering,87.7,2899,1079,0,1.0,1.0,1.0,25004,1,,C:\Users\EG\Desktop\Tubitak___is\06_Benchmark_Veritabani\kolay_ham\makale_1128043.pdf
1129187,0,tr,14,2022,"YEDİ: SANAT, TASARIM VE BİLİM DERGİSİ",94.8,4156,1539,0,0.169,0.025,0.0,32425,1,baslik_sim=0.169;ozet_sim=0.025;yazar_rec=0.0,C:\Users\EG\Desktop\Tubitak___is\06_Benchmark_Veritabani\kolay_ham\makale_1129187.pdf
1130162,0,tr,5,2022,MN Oftalmoloji,88.9,5163,1478,0,0.507,0.103,1.0,15717,1,baslik_sim=0.507;ozet_sim=0.103,C:\Users\EG\Desktop\Tubitak___is\06_Benchmark_Veritabani\kolay_ham\makale_1130162.pdf
1130859,0,tr,15,2022,Kent Akademisi (Online),92.5,3626,1499,0,0.374,0.809,1.0,32701,1,baslik_sim=0.374,C:\Users\EG\Desktop\Tubitak___is\06_Benchmark_Veritabani\kolay_ham\makale_1130859.pdf
1130641,0,tr,19,2022,Avrasya Uluslararası Araştırmalar Dergisi,96.2,3393,1300,0,0.272,0.998,1.0,47082,1,baslik_sim=0.272,C:\Users\EG\Desktop\Tubitak___is\06_Benchmark_Veritabani\kolay_ham\makale_1130641.pdf
1131780,1,tr,21,2018,Medya ve Din Araştırmaları Dergisi (Online)    ,95.5,3969,1743,0,0.975,0.864,1.0,61179,1,,C:\Users\EG\Desktop\Tubitak___is\06_Benchmark_Veritabani\kolay_ham\makale_1131780.pdf
1134280,0,en,25,2022,Gaziantep Üniversitesi Sosyal Bilimler Dergisi,93.6,3706,984,0,0.295,0.352,1.0,30406,1,turkce-degil;baslik_sim=0.295;ozet_sim=0.352,C:\Users\EG\Desktop\Tubitak___is\06_Benchmark_Veritabani\kolay_ham\makale_1134280.pdf
1132431,0,en,33,2022,Selçuk İletişim,92.7,2506,241,0,0.196,0.996,1.0,64354,1,sayfa=33;turkce-degil;baslik_sim=0.196,C:\Users\EG\Desktop\Tubitak___is\06_Benchmark_Veritabani\kolay_ham\makale_1132431.pdf
1134983,0,mix,29,2022,Türkiye Barolar Birliği Dergisi,92.4,2357,913,0,0.632,0.997,1.0,42494,1,baslik_sim=0.632,C:\Users\EG\Desktop\Tubitak___is\06_Benchmark_Veritabani\kolay_ham\makale_1134983.pdf
1134985,0,tr,18,2019,Dil Eğitimi ve Araştırmaları Dergisi,93.2,3311,1504,0,0.69,1.0,1.0,42959,1,baslik_sim=0.69,C:\Users\EG\Desktop\Tubitak___is\06_Benchmark_Veritabani\kolay_ham\makale_1134985.pdf
1135673,0,en,14,2022,İktisadi İdari ve Siyasal Araştırmalar Dergisi,94.4,4528,1597,0,1.0,0.962,1.0,34471,1,turkce-degil,C:\Users\EG\Desktop\Tubitak___is\06_Benchmark_Veritabani\kolay_ham\makale_1135673.pdf
1135228,0,tr,25,2022,Çankırı Karatekin Üniversitesi İktisadi ve İdari Bilimler Fakültesi Dergisi,94.4,3166,1274,0,0.969,0.359,1.0,39126,1,ozet_sim=0.359,C:\Users\EG\Desktop\Tubitak___is\06_Benchmark_Veritabani\kolay_ham\makale_1135228.pdf
1136265,0,en,13,2022,Turkish Journal of Surgery,80.6,3734,9,0,1.0,0.996,1.0,18985,1,turkce-degil,C:\Users\EG\Desktop\Tubitak___is\06_Benchmark_Veritabani\kolay_ham\makale_1136265.pdf
1136994,1,tr,22,2022,Uluslararası Türk Eğitim Bilimleri Dergisi,93.3,3194,1127,0,0.979,0.999,1.0,45046,1,,C:\Users\EG\Desktop\Tubitak___is\06_Benchmark_Veritabani\kolay_ham\makale_1136994.pdf
1137067,1,tr,6,2022,Anestezi Dergisi,82.4,4662,1327,0,1.0,1.0,1.0,17947,1,,C:\Users\EG\Desktop\Tubitak___is\06_Benchmark_Veritabani\kolay_ham\makale_1137067.pdf
1137614,0,en,12,2022,Akıllı Ulaşım Sistemleri ve Uygulamaları Dergisi (Online),94.3,3895,167,0,1.0,1.0,1.0,28638,1,turkce-degil,C:\Users\EG\Desktop\Tubitak___is\06_Benchmark_Veritabani\kolay_ham\makale_1137614.pdf
1137352,0,tr,18,2022,Toplum ve Sosyal Hizmet,94.5,3494,1568,0,0.262,0.998,0.75,38482,1,baslik_sim=0.262,C:\Users\EG\Desktop\Tubitak___is\06_Benchmark_Veritabani\kolay_ham\makale_1137352.pdf
1137899,0,tr,16,2022,Iğdır Üniversitesi Sosyal Bilimler Dergisi,93.2,4160,1828,0,0.32,0.978,0.0,36953,1,baslik_sim=0.32;yazar_rec=0.0,C:\Users\EG\Desktop\Tubitak___is\06_Benchmark_Veritabani\kolay_ham\makale_1137899.pdf
1139216,0,en,17,2022,SineFilozofi,94.8,4050,980,0,0.813,0.618,1.0,49537,1,turkce-degil,C:\Users\EG\Desktop\Tubitak___is\06_Benchmark_Veritabani\kolay_ham\makale_1139216.pdf
1140177,0,tr,9,2022,Gümüşhane Üniversitesi Sağlık Bilimleri Dergisi,85.8,3529,1439,0,0.701,0.191,1.0,19710,1,baslik_sim=0.701;ozet_sim=0.191,C:\Users\EG\Desktop\Tubitak___is\06_Benchmark_Veritabani\kolay_ham\makale_1140177.pdf
1139620,0,tr,13,2021,Gümüşhane Üniversitesi Fen Bilimleri Dergisi,91.6,3350,1016,0,0.663,0.957,0.5,27080,1,baslik_sim=0.663,C:\Users\EG\Desktop\Tubitak___is\06_Benchmark_Veritabani\kolay_ham\makale_1139620.pdf
1140394,1,mix,18,2021,İstanbul Gelişim Üniversitesi Sağlık Bilimleri Dergisi,94.5,2402,1001,0,0.791,0.742,1.0,26190,1,,C:\Users\EG\Desktop\Tubitak___is\06_Benchmark_Veritabani\kolay_ham\makale_1140394.pdf
1140480,0,tr,14,2020,Ortaçağ Araştırmaları Dergisi,93.7,4699,1750,0,0.0,0.017,0.0,30817,1,baslik_sim=0.0;ozet_sim=0.017;yazar_rec=0.0,C:\Users\EG\Desktop\Tubitak___is\06_Benchmark_Veritabani\kolay_ham\makale_1140480.pdf
1140884,0,tr,26,2022,Afyon Kocatepe Üniversitesi Sosyal Bilimler Dergisi,94.3,4478,1818,0,0.0,1.0,0.0,58530,1,baslik_sim=0.0;yazar_rec=0.0,C:\Users\EG\Desktop\Tubitak___is\06_Benchmark_Veritabani\kolay_ham\makale_1140884.pdf
1140622,0,tr,22,2020,Ortaçağ Araştırmaları Dergisi,91.9,7368,2972,0,0.0,0.465,1.0,121791,1,baslik_sim=0.0,C:\Users\EG\Desktop\Tubitak___is\06_Benchmark_Veritabani\kolay_ham\makale_1140622.pdf
1141709,0,tr,5,2022,Acta Medica Nicomedia,89.0,5339,1781,0,0.672,0.995,1.0,7240,1,baslik_sim=0.672,C:\Users\EG\Desktop\Tubitak___is\06_Benchmark_Veritabani\kolay_ham\makale_1141709.pdf
1142096,0,tr,17,2022,Nevşehir Hacı Bektaş Veli Üniversitesi SBE Dergisi,93.7,3912,1759,0,0.606,0.0,1.0,39858,1,baslik_sim=0.606;ozet-yok,C:\Users\EG\Desktop\Tubitak___is\06_Benchmark_Veritabani\kolay_ham\makale_1142096.pdf
1142397,0,en,14,2022,Turkish Journal of Maritime and Marine Sciences,92.0,3262,165,0,0.564,1.0,1.0,31644,1,turkce-degil;baslik_sim=0.564,C:\Users\EG\Desktop\Tubitak___is\06_Benchmark_Veritabani\kolay_ham\makale_1142397.pdf
1143435,1,tr,8,2022,Psikiyatride Güncel Yaklaşımlar,95.5,6001,2607,0,1.0,1.0,1.0,33791,1,,C:\Users\EG\Desktop\Tubitak___is\06_Benchmark_Veritabani\kolay_ham\makale_1143435.pdf
1144732,0,tr,12,2022,Üçüncü Sektör Sosyal Ekonomi,95.0,3737,1497,0,1.0,0.015,1.0,30308,1,ozet_sim=0.015,C:\Users\EG\Desktop\Tubitak___is\06_Benchmark_Veritabani\kolay_ham\makale_1144732.pdf
1144770,1,tr,13,2022,Uluslararası Türkçe Edebiyat Kültür Eğitim (TEKE) Dergisi,91.6,3795,1341,0,0.978,0.996,1.0,31260,1,,C:\Users\EG\Desktop\Tubitak___is\06_Benchmark_Veritabani\kolay_ham\makale_1144770.pdf
1145207,1,tr,11,2022,Akademik Gıda,91.6,4617,1546,0,1.0,0.999,1.0,32318,1,,C:\Users\EG\Desktop\Tubitak___is\06_Benchmark_Veritabani\kolay_ham\makale_1145207.pdf
1145602,0,en,9,2022,Süleyman Demirel Üniversitesi Sağlık Bilimleri Dergisi,92.8,2971,128,0,0.665,1.0,1.0,17518,1,turkce-degil;baslik_sim=0.665,C:\Users\EG\Desktop\Tubitak___is\06_Benchmark_Veritabani\kolay_ham\makale_1145602.pdf
1146626,0,tr,15,2022,TBV Bilgisayar Bilimleri ve Mühendisliği Dergisi,93.2,4717,1828,0,0.667,0.997,1.0,58958,1,baslik_sim=0.667,C:\Users\EG\Desktop\Tubitak___is\06_Benchmark_Veritabani\kolay_ham\makale_1146626.pdf
1146853,1,mix,14,2022,Journal of universal history studies (Online),90.6,2977,969,0,0.949,1.0,1.0,18166,1,,C:\Users\EG\Desktop\Tubitak___is\06_Benchmark_Veritabani\kolay_ham\makale_1146853.pdf
1147801,0,tr,28,2020,Akademik İncelemeler Dergisi,92.6,1938,692,0,0.0,0.679,0.5,27970,1,baslik_sim=0.0,C:\Users\EG\Desktop\Tubitak___is\06_Benchmark_Veritabani\kolay_ham\makale_1147801.pdf
1148508,0,en,7,2023,Acıbadem Üniversitesi Sağlık Bilimleri Dergisi,94.6,4470,171,0,1.0,1.0,1.0,23266,1,turkce-degil,C:\Users\EG\Desktop\Tubitak___is\06_Benchmark_Veritabani\kolay_ham\makale_1148508.pdf
1147764,0,en,41,2022,Hitit ilahiyat dergisi,94.9,3107,810,0,0.258,0.014,0.0,121521,1,sayfa=41;turkce-degil;baslik_sim=0.258;ozet_sim=0.014;yazar_rec=0.0,C:\Users\EG\Desktop\Tubitak___is\06_Benchmark_Veritabani\kolay_ham\makale_1147764.pdf
1149696,0,en,10,2022,Cukurova Medical Journal,84.7,4126,182,0,0.686,0.999,1.0,26988,1,turkce-degil;baslik_sim=0.686,C:\Users\EG\Desktop\Tubitak___is\06_Benchmark_Veritabani\kolay_ham\makale_1149696.pdf
1147907,0,en,28,2022,Hitit ilahiyat dergisi,93.7,2335,561,0,0.305,0.012,1.0,48963,1,turkce-degil;baslik_sim=0.305;ozet_sim=0.012,C:\Users\EG\Desktop\Tubitak___is\06_Benchmark_Veritabani\kolay_ham\makale_1147907.pdf
1148755,0,en,7,2022,Eskişehir Osmangazi Üniversitesi mühendislik ve mimarlık fakültesi dergisi (online),90.5,3618,177,0,1.0,0.089,1.0,13608,1,turkce-degil;ozet_sim=0.089,C:\Users\EG\Desktop\Tubitak___is\06_Benchmark_Veritabani\kolay_ham\makale_1148755.pdf
1149697,0,en,10,2022,Cukurova Medical Journal,90.3,4065,127,0,0.683,0.674,1.0,25479,1,turkce-degil;baslik_sim=0.683,C:\Users\EG\Desktop\Tubitak___is\06_Benchmark_Veritabani\kolay_ham\makale_1149697.pdf
1153403,0,tr,13,2023,Tekirdağ Ziraat Fakültesi Dergisi,87.9,3612,1237,0,0.24,0.112,0.5,31779,1,baslik_sim=0.24;ozet-yok,C:\Users\EG\Desktop\Tubitak___is\06_Benchmark_Veritabani\kolay_ham\makale_1153403.pdf
1150669,1,tr,28,2022,Anadolu Üniversitesi Sosyal Bilimler Dergisi,95.3,2933,1051,0,1.0,1.0,1.0,70981,1,,C:\Users\EG\Desktop\Tubitak___is\06_Benchmark_Veritabani\kolay_ham\makale_1150669.pdf
1154819,0,en,10,2022,Gaziosmanpaşa Üniversitesi Ziraat Fakültesi Dergisi,89.8,3040,358,0,1.0,0.991,1.0,17859,1,turkce-degil,C:\Users\EG\Desktop\Tubitak___is\06_Benchmark_Veritabani\kolay_ham\makale_1154819.pdf
1157847,0,tr,7,2022,Sağlık Bilimleri Dergisi,88.8,4893,2093,0,0.299,0.986,1.0,20584,1,baslik_sim=0.299,C:\Users\EG\Desktop\Tubitak___is\06_Benchmark_Veritabani\kolay_ham\makale_1157847.pdf
1155729,0,tr,8,2022,Dokuz Eylül Üniversitesi Tıp Fakültesi Dergisi,87.9,3577,1326,0,0.704,0.854,1.0,19040,1,baslik_sim=0.704,C:\Users\EG\Desktop\Tubitak___is\06_Benchmark_Veritabani\kolay_ham\makale_1155729.pdf
1155772,0,en,6,2022,Kafkas Tıp Bilimleri Dergisi,88.7,4179,161,0,1.0,0.998,1.0,17551,1,turkce-degil,C:\Users\EG\Desktop\Tubitak___is\06_Benchmark_Veritabani\kolay_ham\makale_1155772.pdf
1156982,0,en,7,2023,Kocaeli Üniversitesi Sağlık Bilimleri Dergisi,91.5,5978,243,0,0.672,0.999,1.0,22984,1,turkce-degil;baslik_sim=0.672,C:\Users\EG\Desktop\Tubitak___is\06_Benchmark_Veritabani\kolay_ham\makale_1156982.pdf
1157862,0,tr,6,2022,Sağlık Bilimleri Dergisi,90.6,5383,1478,0,0.365,0.999,1.0,17385,1,baslik_sim=0.365,C:\Users\EG\Desktop\Tubitak___is\06_Benchmark_Veritabani\kolay_ham\makale_1157862.pdf
1157910,1,tr,8,2023,Bahçe,85.5,4805,1991,0,1.0,1.0,1.0,17974,1,,C:\Users\EG\Desktop\Tubitak___is\06_Benchmark_Veritabani\kolay_ham\makale_1157910.pdf
1159242,1,tr,6,2022,Kahramanmaraş Sütçü İmam Üniversitesi Tarım ve Doğa Dergisi,82.9,4850,1028,0,1.0,1.0,1.0,11848,1,,C:\Users\EG\Desktop\Tubitak___is\06_Benchmark_Veritabani\kolay_ham\makale_1159242.pdf
1158279,0,en,28,2022,Nüsha,92.9,2871,402,0,0.0,0.09,0.0,52677,1,turkce-degil;baslik_sim=0.0;ozet_sim=0.09;yazar_rec=0.0,C:\Users\EG\Desktop\Tubitak___is\06_Benchmark_Veritabani\kolay_ham\makale_1158279.pdf
1159558,0,mix,8,2023,Gazi Üniversitesi Mühendislik Mimarlık Fakültesi Dergisi,94.1,4520,1465,0,1.0,0.044,1.0,23001,1,ozet_sim=0.044,C:\Users\EG\Desktop\Tubitak___is\06_Benchmark_Veritabani\kolay_ham\makale_1159558.pdf
1159586,0,mix,14,2023,Gazi Üniversitesi Mühendislik Mimarlık Fakültesi Dergisi,95.0,5143,1689,0,1.0,0.019,1.0,39246,1,ozet_sim=0.019,C:\Users\EG\Desktop\Tubitak___is\06_Benchmark_Veritabani\kolay_ham\makale_1159586.pdf
1159881,0,en,19,2022,Çukurova Üniversitesi Eğitim Fakültesi Dergisi,94.5,4114,172,0,1.0,1.0,1.0,49938,1,turkce-degil,C:\Users\EG\Desktop\Tubitak___is\06_Benchmark_Veritabani\kolay_ham\makale_1159881.pdf
1159702,1,tr,22,2023,Uluslararası Türkçe Edebiyat Kültür Eğitim (TEKE) Dergisi,90.3,3418,1324,0,1.0,1.0,1.0,48999,1,,C:\Users\EG\Desktop\Tubitak___is\06_Benchmark_Veritabani\kolay_ham\makale_1159702.pdf
1161355,1,tr,20,2023,Ankara Üniversitesi SBF Dergisi,93.1,3037,1047,0,0.976,0.636,1.0,47722,1,,C:\Users\EG\Desktop\Tubitak___is\06_Benchmark_Veritabani\kolay_ham\makale_1161355.pdf
1165232,0,tr,5,2023,Türk Kütüphaneciliği,95.1,2962,1202,0,1.0,0.009,1.0,11463,1,ozet_sim=0.009,C:\Users\EG\Desktop\Tubitak___is\06_Benchmark_Veritabani\kolay_ham\makale_1165232.pdf
1162535,1,tr,19,2023,"The Turkish Online Journal of Design, Art and Communication",93.5,3737,1290,0,1.0,0.999,1.0,30947,1,,C:\Users\EG\Desktop\Tubitak___is\06_Benchmark_Veritabani\kolay_ham\makale_1162535.pdf
1166292,0,tr,12,2023,Türkiye Diyabet ve Obezite Dergisi ,93.7,4118,1207,0,1.0,0.321,1.0,32339,1,ozet_sim=0.321,C:\Users\EG\Desktop\Tubitak___is\06_Benchmark_Veritabani\kolay_ham\makale_1166292.pdf
1161546,0,mix,30,2023,Gazi Üniversitesi Fen Bilimleri Dergisi Part C: Tasarım ve Teknoloji,94.2,3615,1042,0,1.0,0.018,1.0,58171,1,ozet_sim=0.018,C:\Users\EG\Desktop\Tubitak___is\06_Benchmark_Veritabani\kolay_ham\makale_1161546.pdf
1169363,0,mix,6,2021,Neuropsychiatric investigation (Online),88.9,5018,1619,0,0.664,0.828,1.0,18392,1,baslik_sim=0.664,C:\Users\EG\Desktop\Tubitak___is\06_Benchmark_Veritabani\kolay_ham\makale_1169363.pdf
1166710,0,mix,4,2023,Sabiad ,89.4,4776,1050,0,0.69,0.888,1.0,10553,1,baslik_sim=0.69,C:\Users\EG\Desktop\Tubitak___is\06_Benchmark_Veritabani\kolay_ham\makale_1166710.pdf
1167774,1,tr,17,2023,Yüzüncü Yıl Üniversitesi Fen Bilimleri Enstitüsü Dergisi,89.8,2952,1006,0,1.0,0.996,1.0,40731,1,,C:\Users\EG\Desktop\Tubitak___is\06_Benchmark_Veritabani\kolay_ham\makale_1167774.pdf
1168712,0,tr,31,2023,Akademik Hassasiyetler,95.0,2954,1289,0,1.0,0.992,1.0,72092,1,sayfa=31,C:\Users\EG\Desktop\Tubitak___is\06_Benchmark_Veritabani\kolay_ham\makale_1168712.pdf
1169797,0,tr,24,2023,Uludağ Üniversitesi Eğitim Fakültesi Dergisi,94.6,3693,1264,0,0.695,0.996,1.0,59685,1,baslik_sim=0.695,C:\Users\EG\Desktop\Tubitak___is\06_Benchmark_Veritabani\kolay_ham\makale_1169797.pdf
1170064,0,en,9,2023,Van Tıp Dergisi,83.3,3996,100,0,1.0,0.998,1.0,18152,1,turkce-degil,C:\Users\EG\Desktop\Tubitak___is\06_Benchmark_Veritabani\kolay_ham\makale_1170064.pdf
1171756,0,en,7,2022,Türk Biyokimya Dergisi,88.8,4458,106,0,0.664,1.0,1.0,18564,1,turkce-degil;baslik_sim=0.664,C:\Users\EG\Desktop\Tubitak___is\06_Benchmark_Veritabani\kolay_ham\makale_1171756.pdf
1170380,1,tr,26,2022,Bilig / Türk Dünyası Sosyal Bilimler Dergisi,93.7,2148,955,0,1.0,0.629,1.0,46582,1,,C:\Users\EG\Desktop\Tubitak___is\06_Benchmark_Veritabani\kolay_ham\makale_1170380.pdf
1172024,0,tr,16,2022,İşletme Araştırmaları Dergisi,94.6,4918,2169,0,0.701,0.978,1.0,42532,1,baslik_sim=0.701,C:\Users\EG\Desktop\Tubitak___is\06_Benchmark_Veritabani\kolay_ham\makale_1172024.pdf
1172673,0,en,6,2022,Pamukkale Üniversitesi Mühendislik Bilimleri Dergisi,92.8,5422,175,0,0.686,0.643,1.0,18993,1,turkce-degil;baslik_sim=0.686,C:\Users\EG\Desktop\Tubitak___is\06_Benchmark_Veritabani\kolay_ham\makale_1172673.pdf
1172983,1,tr,17,2023,RumeliDE Dil ve Edebiyat Araştırmaları Dergisi,93.5,4054,1422,0,0.964,0.895,1.0,25064,1,,C:\Users\EG\Desktop\Tubitak___is\06_Benchmark_Veritabani\kolay_ham\makale_1172983.pdf
1175124,1,tr,5,2021,Europan Journal of Science and Technology,91.6,3545,1186,0,1.0,0.999,1.0,10150,1,,C:\Users\EG\Desktop\Tubitak___is\06_Benchmark_Veritabani\kolay_ham\makale_1175124.pdf
1175849,0,tr,10,2022,Educational academic research (Online),93.9,5269,2228,0,1.0,0.373,1.0,43519,1,ozet_sim=0.373,C:\Users\EG\Desktop\Tubitak___is\06_Benchmark_Veritabani\kolay_ham\makale_1175849.pdf
1174676,1,mix,30,2023,Uluslararası Avrasya Sosyal Bilimler Dergisi,93.4,3240,1290,0,1.0,0.949,1.0,54781,1,,C:\Users\EG\Desktop\Tubitak___is\06_Benchmark_Veritabani\kolay_ham\makale_1174676.pdf
1176511,0,en,12,2021,Europan Journal of Science and Technology,95.8,6841,199,0,0.976,0.998,1.0,50312,1,turkce-degil,C:\Users\EG\Desktop\Tubitak___is\06_Benchmark_Veritabani\kolay_ham\makale_1176511.pdf
1178551,0,en,5,2023,Çocuk Acil ve Yoğun Bakım Dergisi,89.8,3647,143,0,0.0,0.999,1.0,11806,1,turkce-degil;baslik_sim=0.0,C:\Users\EG\Desktop\Tubitak___is\06_Benchmark_Veritabani\kolay_ham\makale_1178551.pdf
1177624,1,tr,26,2023,Yaşadıkça Eğitim Dergisi,94.1,4664,1867,0,1.0,0.575,1.0,57307,1,,C:\Users\EG\Desktop\Tubitak___is\06_Benchmark_Veritabani\kolay_ham\makale_1177624.pdf
1179764,0,mix,30,2023,Türk Dili Araştırmaları Yıllığı - Belleten,93.2,2837,1107,0,0.0,0.97,0.0,50612,1,baslik_sim=0.0;yazar_rec=0.0,C:\Users\EG\Desktop\Tubitak___is\06_Benchmark_Veritabani\kolay_ham\makale_1179764.pdf
1180434,0,tr,7,2023,STED/Sürekli Tıp Eğitimi Dergisi,89.7,3940,1696,0,0.691,0.687,1.0,17787,1,baslik_sim=0.691,C:\Users\EG\Desktop\Tubitak___is\06_Benchmark_Veritabani\kolay_ham\makale_1180434.pdf
1183478,0,tr,8,2023,Balıkesir Sağlık Bilimleri Dergisi   (BSBD),85.8,4473,1619,0,0.266,0.483,1.0,25046,1,baslik_sim=0.266,C:\Users\EG\Desktop\Tubitak___is\06_Benchmark_Veritabani\kolay_ham\makale_1183478.pdf
1183306,0,mix,31,2023,Tasavvur - Tekirdağ İlahiyat Dergisi (Online),88.6,2345,560,0,0.0,0.049,1.0,38652,1,sayfa=31;baslik_sim=0.0;ozet_sim=0.049,C:\Users\EG\Desktop\Tubitak___is\06_Benchmark_Veritabani\kolay_ham\makale_1183306.pdf
1184710,0,en,8,2023,Tüberküloz ve Toraks,86.3,3975,257,0,1.0,0.791,0.71,19947,1,turkce-degil,C:\Users\EG\Desktop\Tubitak___is\06_Benchmark_Veritabani\kolay_ham\makale_1184710.pdf
1185874,0,tr,11,2023,"Journal of gastronomy, hospitality and travel (Online)",89.4,4679,2070,0,0.667,0.872,0.5,26807,1,baslik_sim=0.667,C:\Users\EG\Desktop\Tubitak___is\06_Benchmark_Veritabani\kolay_ham\makale_1185874.pdf
1186225,0,en,18,2023,RumeliDE Dil ve Edebiyat Araştırmaları Dergisi,92.9,3730,307,0,0.952,0.997,1.0,22545,1,turkce-degil,C:\Users\EG\Desktop\Tubitak___is\06_Benchmark_Veritabani\kolay_ham\makale_1186225.pdf
1189348,0,tr,7,2021,Süleyman Demirel Üniversitesi Sağlık Bilimleri Dergisi,89.9,4445,1217,0,0.68,0.998,1.0,19424,1,baslik_sim=0.68,C:\Users\EG\Desktop\Tubitak___is\06_Benchmark_Veritabani\kolay_ham\makale_1189348.pdf
1186923,0,tr,12,2023,Sakarya Tıp Dergisi,89.9,4208,1134,0,0.0,0.428,1.0,26941,1,baslik_sim=0.0;ozet_sim=0.428,C:\Users\EG\Desktop\Tubitak___is\06_Benchmark_Veritabani\kolay_ham\makale_1186923.pdf
1190143,0,en,11,2023,Gaziantep Üniversitesi Sosyal Bilimler Dergisi,90.8,3708,334,0,0.292,0.987,1.0,21032,1,turkce-degil;baslik_sim=0.292,C:\Users\EG\Desktop\Tubitak___is\06_Benchmark_Veritabani\kolay_ham\makale_1190143.pdf
1190502,0,en,20,2023,TESAM AKADEMİ,96.2,2778,405,0,0.0,0.025,0.0,38870,1,turkce-degil;baslik_sim=0.0;ozet_sim=0.025;yazar_rec=0.0,C:\Users\EG\Desktop\Tubitak___is\06_Benchmark_Veritabani\kolay_ham\makale_1190502.pdf
1191847,0,en,19,2023,Mehmet Akif Ersoy Üniversitesi İktisadi ve İdari Bilimler Fakültesi Dergisi,95.0,2950,805,0,0.233,0.996,1.0,30300,1,turkce-degil;baslik_sim=0.233,C:\Users\EG\Desktop\Tubitak___is\06_Benchmark_Veritabani\kolay_ham\makale_1191847.pdf
1192516,1,tr,19,2020,Karamanoğlu Mehmetbey Üniversitesi Sosyal ve Ekonomik Araştırmalar Dergisi,92.8,3916,1599,0,1.0,1.0,1.0,31641,1,,C:\Users\EG\Desktop\Tubitak___is\06_Benchmark_Veritabani\kolay_ham\makale_1192516.pdf
1193386,0,tr,18,2023,Motif Akademi Halkbilimi Dergisi,95.0,3092,1393,0,0.0,1.0,0.0,33098,1,baslik_sim=0.0;yazar_rec=0.0,C:\Users\EG\Desktop\Tubitak___is\06_Benchmark_Veritabani\kolay_ham\makale_1193386.pdf
1194294,0,en,7,2021,Türkiye Çocuk Hastalıkları Dergisi,87.3,3959,153,0,1.0,0.999,0.75,16447,1,turkce-degil,C:\Users\EG\Desktop\Tubitak___is\06_Benchmark_Veritabani\kolay_ham\makale_1194294.pdf
1194295,1,tr,5,2021,Türkiye Çocuk Hastalıkları Dergisi,89.5,4756,1149,0,1.0,0.949,1.0,14538,1,,C:\Users\EG\Desktop\Tubitak___is\06_Benchmark_Veritabani\kolay_ham\makale_1194295.pdf
1195190,0,tr,12,2022,Kahramanmaraş Sütçü İmam Üniversitesi Sosyal Bilimler Dergisi,94.3,4137,1807,0,0.693,0.993,0.0,34381,1,baslik_sim=0.693;yazar_rec=0.0,C:\Users\EG\Desktop\Tubitak___is\06_Benchmark_Veritabani\kolay_ham\makale_1195190.pdf
1195276,0,tr,8,2023,Erciyes Üniversitesi İktisadi ve İdari Bilimler Fakültesi Dergisi,95.5,7837,3815,0,0.257,0.057,0.67,47008,1,baslik_sim=0.257;ozet-yok,C:\Users\EG\Desktop\Tubitak___is\06_Benchmark_Veritabani\kolay_ham\makale_1195276.pdf
1195729,0,en,14,2022,Gaziantep Üniversitesi Sosyal Bilimler Dergisi,94.6,4292,1125,0,0.321,0.983,1.0,37227,1,turkce-degil;baslik_sim=0.321,C:\Users\EG\Desktop\Tubitak___is\06_Benchmark_Veritabani\kolay_ham\makale_1195729.pdf
1195882,0,en,10,2023,Beslenme ve Diyet Dergisi,86.7,3724,233,0,0.976,0.855,1.0,25490,1,turkce-degil,C:\Users\EG\Desktop\Tubitak___is\06_Benchmark_Veritabani\kolay_ham\makale_1195882.pdf
1195845,0,tr,47,2023,Pamukkale Üniversitesi Eğitim Fakültesi Dergisi,93.8,3586,1874,0,1.0,0.999,1.0,96330,1,sayfa=47,C:\Users\EG\Desktop\Tubitak___is\06_Benchmark_Veritabani\kolay_ham\makale_1195845.pdf
1195919,0,tr,10,2023,Eskişehir Osmangazi Üniversitesi mühendislik ve mimarlık fakültesi dergisi (online),89.8,4265,1594,0,1.0,0.018,1.0,24044,1,ozet_sim=0.018,C:\Users\EG\Desktop\Tubitak___is\06_Benchmark_Veritabani\kolay_ham\makale_1195919.pdf
1196673,1,tr,24,2023,Milli Eğitim,92.8,2796,1022,0,0.923,0.999,1.0,38858,1,,C:\Users\EG\Desktop\Tubitak___is\06_Benchmark_Veritabani\kolay_ham\makale_1196673.pdf
1197063,0,tr,22,2023,Kent Akademisi (Online),95.1,3745,1605,0,0.274,1.0,0.0,50366,1,baslik_sim=0.274;yazar_rec=0.0,C:\Users\EG\Desktop\Tubitak___is\06_Benchmark_Veritabani\kolay_ham\makale_1197063.pdf
1197430,1,tr,16,2023,Hacettepe Sağlık İdaresi Dergisi,91.9,3328,1552,0,1.0,1.0,1.0,26937,1,,C:\Users\EG\Desktop\Tubitak___is\06_Benchmark_Veritabani\kolay_ham\makale_1197430.pdf
1197880,0,tr,12,2023,Gazi Üniversitesi Mühendislik Mimarlık Fakültesi Dergisi,94.7,5764,1994,0,1.0,0.117,1.0,33049,1,ozet_sim=0.117,C:\Users\EG\Desktop\Tubitak___is\06_Benchmark_Veritabani\kolay_ham\makale_1197880.pdf
1198184,0,en,21,2023,Hikmet-akademik edebiyat dergisi (Online),90.0,2798,885,0,0.0,0.01,1.0,41589,1,turkce-degil;baslik_sim=0.0;ozet_sim=0.01,C:\Users\EG\Desktop\Tubitak___is\06_Benchmark_Veritabani\kolay_ham\makale_1198184.pdf
1198444,0,en,9,2023,Süleyman Demirel Üniversitesi Tıp Fakültesi Dergisi,86.2,3247,180,0,1.0,0.31,1.0,20911,1,turkce-degil;ozet_sim=0.31,C:\Users\EG\Desktop\Tubitak___is\06_Benchmark_Veritabani\kolay_ham\makale_1198444.pdf
1198657,1,tr,24,2023,Anadolu Üniversitesi Sosyal Bilimler Dergisi,91.7,3462,1376,0,0.814,1.0,1.0,57077,1,,C:\Users\EG\Desktop\Tubitak___is\06_Benchmark_Veritabani\kolay_ham\makale_1198657.pdf
1199417,0,tr,13,2023,Uluslararası Türkçe Edebiyat Kültür Eğitim (TEKE) Dergisi,85.8,3206,1091,0,0.789,0.016,1.0,25504,1,ozet_sim=0.016,C:\Users\EG\Desktop\Tubitak___is\06_Benchmark_Veritabani\kolay_ham\makale_1199417.pdf
1198921,0,tr,22,2022,Korkut Ata Türkiyat Araştırmaları Dergisi (Online),93.8,4303,1613,0,0.386,1.0,0.0,60310,1,baslik_sim=0.386;yazar_rec=0.0,C:\Users\EG\Desktop\Tubitak___is\06_Benchmark_Veritabani\kolay_ham\makale_1198921.pdf
1199758,0,en,8,2023,Gümüşhane Üniversitesi Sağlık Bilimleri Dergisi,88.7,3719,214,0,0.98,0.996,1.0,22187,1,turkce-degil,C:\Users\EG\Desktop\Tubitak___is\06_Benchmark_Veritabani\kolay_ham\makale_1199758.pdf
1200979,0,en,6,2023,Anatolian Journal of Emergency Medicine,87.3,4571,135,0,0.667,0.739,1.0,18812,1,turkce-degil;baslik_sim=0.667,C:\Users\EG\Desktop\Tubitak___is\06_Benchmark_Veritabani\kolay_ham\makale_1200979.pdf
1200521,0,tr,16,2022,Ege Üniversitesi Ziraat Fakültesi Dergisi,88.0,3766,1584,0,0.686,0.155,1.0,36586,1,baslik_sim=0.686;ozet_sim=0.155,C:\Users\EG\Desktop\Tubitak___is\06_Benchmark_Veritabani\kolay_ham\makale_1200521.pdf
1200522,0,tr,12,2022,Ege Üniversitesi Ziraat Fakültesi Dergisi,92.2,4230,1398,0,0.731,0.393,1.0,29259,1,baslik_sim=0.731;ozet_sim=0.393,C:\Users\EG\Desktop\Tubitak___is\06_Benchmark_Veritabani\kolay_ham\makale_1200522.pdf
1201045,0,mix,30,2023,Sanat Tarihi Dergisi,93.5,3104,1038,0,0.25,0.022,0.0,63868,1,baslik_sim=0.25;ozet_sim=0.022;yazar_rec=0.0,C:\Users\EG\Desktop\Tubitak___is\06_Benchmark_Veritabani\kolay_ham\makale_1201045.pdf
1201259,0,tr,13,2023,Nevşehir Hacı Bektaş Veli Üniversitesi SBE Dergisi,91.9,4319,1946,0,0.656,0.519,0.0,25673,1,baslik_sim=0.656;yazar_rec=0.0,C:\Users\EG\Desktop\Tubitak___is\06_Benchmark_Veritabani\kolay_ham\makale_1201259.pdf
1201875,0,mix,10,2023,Gümüşhane Üniversitesi Fen Bilimleri Dergisi,93.4,2568,902,0,0.669,0.999,0.75,16726,1,baslik_sim=0.669,C:\Users\EG\Desktop\Tubitak___is\06_Benchmark_Veritabani\kolay_ham\makale_1201875.pdf
1201567,0,tr,13,2023,Ege Üniversitesi Ziraat Fakültesi Dergisi,88.1,3197,990,0,0.674,0.998,1.0,24340,1,baslik_sim=0.674,C:\Users\EG\Desktop\Tubitak___is\06_Benchmark_Veritabani\kolay_ham\makale_1201567.pdf
1203404,0,en,15,2023,RumeliDE Dil ve Edebiyat Araştırmaları Dergisi,94.9,4647,277,0,0.984,0.965,1.0,46863,1,turkce-degil,C:\Users\EG\Desktop\Tubitak___is\06_Benchmark_Veritabani\kolay_ham\makale_1203404.pdf
1205497,0,tr,11,2023,Çukurova Üniversitesi Sosyal Bilimler Enstitüsü Dergisi,91.8,4231,1983,0,0.85,0.985,0.0,23978,1,yazar_rec=0.0,C:\Users\EG\Desktop\Tubitak___is\06_Benchmark_Veritabani\kolay_ham\makale_1205497.pdf
1204663,0,en,23,2023,Dokuz Eylül Üniversitesi Denizcilik Fakültesi Dergisi,93.1,2666,147,0,1.0,0.996,1.0,28930,1,turkce-degil,C:\Users\EG\Desktop\Tubitak___is\06_Benchmark_Veritabani\kolay_ham\makale_1204663.pdf
1203929,0,mix,33,2023,Kırıkkale Hukuk Mecmuası (Online),92.2,3338,873,0,0.739,0.587,1.0,81261,1,sayfa=33;baslik_sim=0.739,C:\Users\EG\Desktop\Tubitak___is\06_Benchmark_Veritabani\kolay_ham\makale_1203929.pdf
1206129,0,tr,10,2023,Korkut Ata Türkiyat Araştırmaları Dergisi (Online),93.8,3006,1140,0,0.4,0.021,0.0,14703,1,baslik_sim=0.4;ozet_sim=0.021;yazar_rec=0.0,C:\Users\EG\Desktop\Tubitak___is\06_Benchmark_Veritabani\kolay_ham\makale_1206129.pdf
1208360,0,tr,10,2021,Bandırma Onyedi Eylül Üniversitesi Sağlık Bilimleri ve Araştırmaları dergisi (Online),92.4,4235,1764,0,0.677,0.963,1.0,30275,1,baslik_sim=0.677,C:\Users\EG\Desktop\Tubitak___is\06_Benchmark_Veritabani\kolay_ham\makale_1208360.pdf
1208431,0,tr,8,2022,Bandırma Onyedi Eylül Üniversitesi Sağlık Bilimleri ve Araştırmaları dergisi (Online),90.9,4382,1664,0,0.72,0.985,1.0,20609,1,baslik_sim=0.72,C:\Users\EG\Desktop\Tubitak___is\06_Benchmark_Veritabani\kolay_ham\makale_1208431.pdf
1207471,0,mix,33,2023,Avrasya Uluslararası Araştırmalar Dergisi,92.2,3440,1125,0,0.0,0.912,0.0,73708,1,sayfa=33;baslik_sim=0.0;yazar_rec=0.0,C:\Users\EG\Desktop\Tubitak___is\06_Benchmark_Veritabani\kolay_ham\makale_1207471.pdf
1208577,1,tr,21,2023,Pamukkale Üniversitesi Sosyal Bilimler Enstitüsü Dergisi,94.1,4956,2296,0,1.0,0.996,1.0,59061,1,,C:\Users\EG\Desktop\Tubitak___is\06_Benchmark_Veritabani\kolay_ham\makale_1208577.pdf
1211690,0,tr,14,2023,Ordu Üniversitesi Sosyal Bilimler Enstitüsü Sosyal Bilimler Araştırmaları Dergisi,92.5,2502,906,0,0.667,0.539,1.0,22842,1,baslik_sim=0.667,C:\Users\EG\Desktop\Tubitak___is\06_Benchmark_Veritabani\kolay_ham\makale_1211690.pdf
1211243,0,tr,14,2023,Iğdır Üniversitesi Fen Bilimleri Enstitüsü Dergisi,86.6,3603,1325,0,0.212,0.908,0.0,33679,1,baslik_sim=0.212;yazar_rec=0.0,C:\Users\EG\Desktop\Tubitak___is\06_Benchmark_Veritabani\kolay_ham\makale_1211243.pdf
1209357,0,en,52,2023,Ankara Üniversitesi Eğitim Bilimleri Fakültesi Dergisi,91.1,3653,52,0,0.989,1.0,1.0,98307,1,sayfa=52;turkce-degil,C:\Users\EG\Desktop\Tubitak___is\06_Benchmark_Veritabani\kolay_ham\makale_1209357.pdf
1211739,0,en,21,2023,DİYALOG. Interkulturelle Zeitschrift für Germanistik,95.5,3442,1047,0,0.215,0.997,1.0,42104,1,turkce-degil;baslik_sim=0.215,C:\Users\EG\Desktop\Tubitak___is\06_Benchmark_Veritabani\kolay_ham\makale_1211739.pdf
1211768,0,tr,8,2023,Sağlık Bilimleri Üniversitesi Hemşirelik Dergisi (Online),94.9,6329,2421,0,0.667,0.035,1.0,33474,1,baslik_sim=0.667;ozet_sim=0.035,C:\Users\EG\Desktop\Tubitak___is\06_Benchmark_Veritabani\kolay_ham\makale_1211768.pdf
1212004,0,en,13,2023,Marmara Üniversitesi İktisadi ve İdari Bilimler Dergisi,92.9,2721,159,0,0.677,0.975,1.0,37964,1,turkce-degil;baslik_sim=0.677,C:\Users\EG\Desktop\Tubitak___is\06_Benchmark_Veritabani\kolay_ham\makale_1212004.pdf
1213316,0,en,10,2023,Harran Üniversitesi Veteriner Fakültesi Dergisi,88.5,2610,143,62,1.0,1.0,1.0,17176,1,turkce-degil;karakter-bozuk,C:\Users\EG\Desktop\Tubitak___is\06_Benchmark_Veritabani\kolay_ham\makale_1213316.pdf
1214334,0,en,6,2023,Düzce Tıp Fakültesi Dergisi,90.8,5356,130,0,1.0,1.0,1.0,16456,1,turkce-degil,C:\Users\EG\Desktop\Tubitak___is\06_Benchmark_Veritabani\kolay_ham\makale_1214334.pdf
1215215,1,mix,11,2023,Folklor akademi dergisi (Online),95.4,3230,1410,0,1.0,0.589,1.0,17661,1,,C:\Users\EG\Desktop\Tubitak___is\06_Benchmark_Veritabani\kolay_ham\makale_1215215.pdf
1215269,0,en,11,2023,Uluslararası Yönetim İktisat ve İşletme Dergisi,94.3,3691,132,0,1.0,0.235,1.0,28258,1,turkce-degil;ozet_sim=0.235,C:\Users\EG\Desktop\Tubitak___is\06_Benchmark_Veritabani\kolay_ham\makale_1215269.pdf
1215416,0,tr,20,2023,Sosyal Politika Çalışmaları Dergisi,92.4,2399,980,0,1.0,0.999,0.0,29977,1,yazar_rec=0.0,C:\Users\EG\Desktop\Tubitak___is\06_Benchmark_Veritabani\kolay_ham\makale_1215416.pdf
1215673,0,en,5,2023,Aile Hekimliği ve Palyatif Bakım,88.0,5569,480,0,0.664,0.984,1.0,15356,1,turkce-degil;baslik_sim=0.664,C:\Users\EG\Desktop\Tubitak___is\06_Benchmark_Veritabani\kolay_ham\makale_1215673.pdf
1216089,1,tr,13,2024,"The Turkish Online Journal of Design, Art and Communication",94.6,4542,1728,0,1.0,0.999,1.0,41705,1,,C:\Users\EG\Desktop\Tubitak___is\06_Benchmark_Veritabani\kolay_ham\makale_1216089.pdf
1217027,0,mix,23,2023,Akademik Dil ve Edebiyat Dergisi ,92.3,3276,1168,0,0.311,0.016,0.0,41158,1,baslik_sim=0.311;ozet_sim=0.016;yazar_rec=0.0,C:\Users\EG\Desktop\Tubitak___is\06_Benchmark_Veritabani\kolay_ham\makale_1217027.pdf
1218172,0,en,32,2023,Ankara Sosyal Bilimler Üniversitesi Hukuk Fakültesi dergisi,92.7,2381,160,0,0.954,0.553,1.0,54158,1,sayfa=32;turkce-degil,C:\Users\EG\Desktop\Tubitak___is\06_Benchmark_Veritabani\kolay_ham\makale_1218172.pdf
1217642,0,en,74,2023,Bilişim hukuku dergisi,93.2,1979,534,0,0.0,0.767,0.0,107511,1,sayfa=74;turkce-degil;baslik_sim=0.0;yazar_rec=0.0,C:\Users\EG\Desktop\Tubitak___is\06_Benchmark_Veritabani\kolay_ham\makale_1217642.pdf
1218539,0,en,14,2023,Erzincan Üniversitesi Fen Bilimleri Enstitüsü Dergisi,93.8,2685,142,0,1.0,0.999,1.0,20121,1,turkce-degil,C:\Users\EG\Desktop\Tubitak___is\06_Benchmark_Veritabani\kolay_ham\makale_1218539.pdf
1219105,0,tr,9,2023,Süleyman Demirel Üniversitesi Tıp Fakültesi Dergisi,92.2,3618,1059,0,0.0,0.251,1.0,24243,1,baslik_sim=0.0;ozet_sim=0.251,C:\Users\EG\Desktop\Tubitak___is\06_Benchmark_Veritabani\kolay_ham\makale_1219105.pdf
1219145,0,tr,23,2023,CBÜ Beden Eğitimi ve Spor Bilimleri Dergisi,93.8,3694,1347,0,0.238,0.167,1.0,43142,1,baslik_sim=0.238;ozet_sim=0.167,C:\Users\EG\Desktop\Tubitak___is\06_Benchmark_Veritabani\kolay_ham\makale_1219145.pdf
1219416,0,en,7,2023,Harran Üniversitesi Tıp Fakültesi Dergisi,89.3,4309,121,0,0.668,0.97,1.0,19452,1,turkce-degil;baslik_sim=0.668,C:\Users\EG\Desktop\Tubitak___is\06_Benchmark_Veritabani\kolay_ham\makale_1219416.pdf
1219932,0,tr,14,2023,Yeni Medya (Online),95.0,4600,2013,0,0.671,0.906,1.0,44099,1,baslik_sim=0.671,C:\Users\EG\Desktop\Tubitak___is\06_Benchmark_Veritabani\kolay_ham\makale_1219932.pdf
1220213,0,en,28,2023,İslam Hukuku Araştırmaları Dergisi,94.3,2755,937,0,0.0,0.03,0.0,64256,1,turkce-degil;baslik_sim=0.0;ozet_sim=0.03;yazar_rec=0.0,C:\Users\EG\Desktop\Tubitak___is\06_Benchmark_Veritabani\kolay_ham\makale_1220213.pdf
1222110,0,tr,16,2023,Karamanoğlu Mehmetbey Üniversitesi Sosyal ve Ekonomik Araştırmalar Dergisi,95.9,4467,2232,0,0.97,0.018,1.0,45769,1,ozet_sim=0.018,C:\Users\EG\Desktop\Tubitak___is\06_Benchmark_Veritabani\kolay_ham\makale_1222110.pdf
1223506,0,tr,7,2023,ADO Klinik Bilimler Dergisi (online),89.2,3934,1172,0,0.271,0.859,0.0,19601,1,baslik_sim=0.271;yazar_rec=0.0,C:\Users\EG\Desktop\Tubitak___is\06_Benchmark_Veritabani\kolay_ham\makale_1223506.pdf
1222594,0,tr,76,2023,,55.1,1458,402,0,0.0,0.013,0.0,88313,1,sayfa=76;baslik_sim=0.0;ozet_sim=0.013;yazar_rec=0.0,C:\Users\EG\Desktop\Tubitak___is\06_Benchmark_Veritabani\kolay_ham\makale_1222594.pdf
1223786,0,en,12,2024,Tekirdağ Ziraat Fakültesi Dergisi,92.1,4068,282,0,0.233,1.0,0.5,28318,1,turkce-degil;baslik_sim=0.233,C:\Users\EG\Desktop\Tubitak___is\06_Benchmark_Veritabani\kolay_ham\makale_1223786.pdf
1223447,0,tr,104,2023,,87.2,1643,658,0,0.0,0.305,0.17,118570,1,sayfa=104;baslik_sim=0.0;ozet_sim=0.305;yazar_rec=0.17,C:\Users\EG\Desktop\Tubitak___is\06_Benchmark_Veritabani\kolay_ham\makale_1223447.pdf
1224440,0,mix,20,2024,Türkiye Jeoloji Bülteni,93.6,3654,1232,0,0.0,0.58,0.0,46296,1,baslik_sim=0.0;yazar_rec=0.0,C:\Users\EG\Desktop\Tubitak___is\06_Benchmark_Veritabani\kolay_ham\makale_1224440.pdf
1228883,0,en,8,2023,Zeki sistemler teori ve uygulamaları dergisi (Online),86.8,4101,104,0,1.0,0.643,1.0,20048,1,turkce-degil,C:\Users\EG\Desktop\Tubitak___is\06_Benchmark_Veritabani\kolay_ham\makale_1228883.pdf
1229597,0,tr,15,2024,Afyon Kocatepe Üniversitesi Sosyal Bilimler Dergisi,94.4,4471,2055,0,0.0,0.949,1.0,41700,1,baslik_sim=0.0,C:\Users\EG\Desktop\Tubitak___is\06_Benchmark_Veritabani\kolay_ham\makale_1229597.pdf
1232802,0,en,12,2024,Uluslararası Tarım ve Yaban Hayatı Bilimleri Dergisi,77.8,3849,239,0,0.669,0.999,1.0,21551,1,turkce-degil;baslik_sim=0.669,C:\Users\EG\Desktop\Tubitak___is\06_Benchmark_Veritabani\kolay_ham\makale_1232802.pdf
1233103,0,en,7,2024,Ahi Evran Medical Journal,91.7,4428,153,0,1.0,0.947,0.67,18320,1,turkce-degil,C:\Users\EG\Desktop\Tubitak___is\06_Benchmark_Veritabani\kolay_ham\makale_1233103.pdf
1233157,0,mix,18,2024,Akademik Dil ve Edebiyat Dergisi ,91.5,2937,1147,0,0.624,0.014,0.5,43304,1,baslik_sim=0.624;ozet_sim=0.014,C:\Users\EG\Desktop\Tubitak___is\06_Benchmark_Veritabani\kolay_ham\makale_1233157.pdf
1233253,0,tr,24,2024,Yüzüncü Yıl Üniversitesi Fen Bilimleri Enstitüsü Dergisi,91.5,3311,1347,0,0.0,0.008,1.0,45607,1,baslik_sim=0.0;ozet_sim=0.008,C:\Users\EG\Desktop\Tubitak___is\06_Benchmark_Veritabani\kolay_ham\makale_1233253.pdf
1233283,1,tr,11,2024,Bingöl Üniversitesi Sosyal Bilimler Enstitüsü Dergisi,93.8,4223,1706,0,1.0,0.943,1.0,29281,1,,C:\Users\EG\Desktop\Tubitak___is\06_Benchmark_Veritabani\kolay_ham\makale_1233283.pdf
1234905,0,tr,26,2019,,89.8,670,238,0,0.0,0.054,0.0,31549,1,baslik_sim=0.0;ozet_sim=0.054;yazar_rec=0.0,C:\Users\EG\Desktop\Tubitak___is\06_Benchmark_Veritabani\kolay_ham\makale_1234905.pdf
1233524,0,en,12,2024,Cumhuriyet Üniversitesi İktisadi ve İdari Bilimler Dergisi,88.9,5721,232,0,1.0,1.0,1.0,41026,1,turkce-degil,C:\Users\EG\Desktop\Tubitak___is\06_Benchmark_Veritabani\kolay_ham\makale_1233524.pdf
1235439,0,tr,88,2023,,92.4,1172,375,0,0.0,0.033,0.0,108185,1,sayfa=88;baslik_sim=0.0;ozet_sim=0.033;yazar_rec=0.0,C:\Users\EG\Desktop\Tubitak___is\06_Benchmark_Veritabani\kolay_ham\makale_1235439.pdf
1235363,0,tr,93,2022,,46.5,1801,437,0,0.0,0.024,0.0,142468,1,taranmis/dusuk-metin;sayfa=93;baslik_sim=0.0;ozet_sim=0.024;yazar_rec=0.0,C:\Users\EG\Desktop\Tubitak___is\06_Benchmark_Veritabani\kolay_ham\makale_1235363.pdf
1236800,0,tr,157,2021,,50.8,2071,314,0,0.284,0.011,0.0,127350,1,taranmis/dusuk-metin;sayfa=157;baslik_sim=0.284;ozet_sim=0.011;yazar_rec=0.0,C:\Users\EG\Desktop\Tubitak___is\06_Benchmark_Veritabani\kolay_ham\makale_1236800.pdf
1237646,0,tr,129,2021,,35.7,1831,291,0,0.0,0.019,0.0,130863,1,taranmis/dusuk-metin;sayfa=129;baslik_sim=0.0;ozet_sim=0.019;yazar_rec=0.0,C:\Users\EG\Desktop\Tubitak___is\06_Benchmark_Veritabani\kolay_ham\makale_1237646.pdf
1238194,0,tr,99,2024,,87.0,645,244,0,0.0,1.0,0.0,110035,1,sayfa=99;baslik_sim=0.0;yazar_rec=0.0,C:\Users\EG\Desktop\Tubitak___is\06_Benchmark_Veritabani\kolay_ham\makale_1238194.pdf
1238359,0,tr,45,2024,Dokuz Eylül Üniversitesi Hukuk Fakültesi Dergisi,92.8,2457,955,0,1.0,0.703,1.0,87275,1,sayfa=45,C:\Users\EG\Desktop\Tubitak___is\06_Benchmark_Veritabani\kolay_ham\makale_1238359.pdf
1237596,0,tr,198,2022,,45.4,1852,464,0,0.0,0.017,0.0,284159,1,taranmis/dusuk-metin;sayfa=198;baslik_sim=0.0;ozet_sim=0.017;yazar_rec=0.0,C:\Users\EG\Desktop\Tubitak___is\06_Benchmark_Veritabani\kolay_ham\makale_1237596.pdf
1238745,0,tr,7,2024,Bahçe,89.3,5048,2037,0,0.793,0.409,1.0,23755,1,ozet_sim=0.409,C:\Users\EG\Desktop\Tubitak___is\06_Benchmark_Veritabani\kolay_ham\makale_1238745.pdf
1239496,0,en,8,2024,Türkiye Klinikleri Oftalmoloji Dergisi,95.2,5107,200,0,0.254,0.917,1.0,28615,1,turkce-degil;baslik_sim=0.254,C:\Users\EG\Desktop\Tubitak___is\06_Benchmark_Veritabani\kolay_ham\makale_1239496.pdf
1239504,0,tr,7,2024,Türkiye Klinikleri Oftalmoloji Dergisi,89.6,4414,1537,0,0.203,0.636,1.0,17850,1,baslik_sim=0.203,C:\Users\EG\Desktop\Tubitak___is\06_Benchmark_Veritabani\kolay_ham\makale_1239504.pdf
1239588,1,tr,8,2024,Türkiye Klinikleri Spor Bilimleri Dergisi,89.3,3783,1377,0,1.0,0.896,1.0,19823,1,,C:\Users\EG\Desktop\Tubitak___is\06_Benchmark_Veritabani\kolay_ham\makale_1239588.pdf
1239833,1,tr,8,2023,ISPEC journal of agricultural sciences (Online),87.2,3260,1502,0,1.0,0.982,1.0,15295,1,,C:\Users\EG\Desktop\Tubitak___is\06_Benchmark_Veritabani\kolay_ham\makale_1239833.pdf
1239612,0,tr,13,2024,Türkiye Klinikleri Spor Bilimleri Dergisi,95.4,4929,1950,0,0.31,0.611,0.5,32114,1,baslik_sim=0.31,C:\Users\EG\Desktop\Tubitak___is\06_Benchmark_Veritabani\kolay_ham\makale_1239612.pdf
1240429,0,en,6,2024,Ulusal Travma ve Acil Cerrahi Dergisi,91.5,4682,64,0,1.0,0.998,1.0,17964,1,turkce-degil,C:\Users\EG\Desktop\Tubitak___is\06_Benchmark_Veritabani\kolay_ham\makale_1240429.pdf
1241182,0,en,24,2023,İslam Tetkikleri Dergisi,95.9,3252,850,0,0.659,0.083,1.0,54808,1,turkce-degil;baslik_sim=0.659;ozet_sim=0.083,C:\Users\EG\Desktop\Tubitak___is\06_Benchmark_Veritabani\kolay_ham\makale_1241182.pdf
1242001,0,en,11,2023,Turkish Journal of Hematology,87.3,4584,216,0,1.0,0.881,1.0,34023,1,turkce-degil,C:\Users\EG\Desktop\Tubitak___is\06_Benchmark_Veritabani\kolay_ham\makale_1242001.pdf
1242273,0,mix,17,2023,İslami Araştırmalar,95.5,4268,1297,0,0.702,0.997,1.0,59232,1,baslik_sim=0.702,C:\Users\EG\Desktop\Tubitak___is\06_Benchmark_Veritabani\kolay_ham\makale_1242273.pdf
1242594,0,en,18,2024,Süleyman Demirel Üniversitesi Vizyoner Dergisi,94.2,5016,851,0,0.695,0.978,0.75,45495,1,turkce-degil;baslik_sim=0.695,C:\Users\EG\Desktop\Tubitak___is\06_Benchmark_Veritabani\kolay_ham\makale_1242594.pdf
1242804,0,tr,5,2023,7tepe Klinik,94.5,3041,976,0,0.674,0.95,1.0,12074,1,baslik_sim=0.674,C:\Users\EG\Desktop\Tubitak___is\06_Benchmark_Veritabani\kolay_ham\makale_1242804.pdf
1243192,0,en,5,2023,Journal of medicine and palliative care (Online),90.2,4662,25,0,1.0,1.0,1.0,14721,1,turkce-degil,C:\Users\EG\Desktop\Tubitak___is\06_Benchmark_Veritabani\kolay_ham\makale_1243192.pdf
1243239,0,tr,4,2022,Journal of medicine and palliative care (Online),93.1,5110,1402,0,0.67,0.09,1.0,14603,1,baslik_sim=0.67;ozet_sim=0.09,C:\Users\EG\Desktop\Tubitak___is\06_Benchmark_Veritabani\kolay_ham\makale_1243239.pdf
1244326,0,tr,27,2023,İslami İlimler Dergisi,94.6,2728,1059,0,0.566,0.019,1.0,63192,1,baslik_sim=0.566;ozet_sim=0.019,C:\Users\EG\Desktop\Tubitak___is\06_Benchmark_Veritabani\kolay_ham\makale_1244326.pdf
1244682,0,tr,22,2024,Karadeniz Araştırmaları,94.1,4032,1601,0,0.933,0.414,0.0,56631,1,ozet_sim=0.414;yazar_rec=0.0,C:\Users\EG\Desktop\Tubitak___is\06_Benchmark_Veritabani\kolay_ham\makale_1244682.pdf
1245587,0,en,18,2024,Gazi Üniversitesi Mühendislik Mimarlık Fakültesi Dergisi,92.8,5275,1558,0,1.0,0.028,1.0,52270,1,turkce-degil;ozet_sim=0.028,C:\Users\EG\Desktop\Tubitak___is\06_Benchmark_Veritabani\kolay_ham\makale_1245587.pdf
1246093,0,en,30,2024,İslam Hukuku Araştırmaları Dergisi,92.8,3117,854,0,0.952,0.019,0.0,63344,1,turkce-degil;ozet_sim=0.019;yazar_rec=0.0,C:\Users\EG\Desktop\Tubitak___is\06_Benchmark_Veritabani\kolay_ham\makale_1246093.pdf
1247681,0,en,12,2023,Turkish Studies- Comparative Religious Studies,91.4,3772,854,0,0.674,0.827,0.0,13594,1,turkce-degil;baslik_sim=0.674;yazar_rec=0.0,C:\Users\EG\Desktop\Tubitak___is\06_Benchmark_Veritabani\kolay_ham\makale_1247681.pdf
1247608,0,en,36,2024,Selçuk Üniversitesi Hukuk Fakültesi Dergisi,94.6,2310,168,0,0.174,0.003,1.0,65467,1,sayfa=36;turkce-degil;baslik_sim=0.174;ozet_sim=0.003,C:\Users\EG\Desktop\Tubitak___is\06_Benchmark_Veritabani\kolay_ham\makale_1247608.pdf
1247839,1,tr,21,2024,Sanat & Tasarım Dergisi,92.4,2769,1123,0,1.0,0.997,1.0,34403,1,,C:\Users\EG\Desktop\Tubitak___is\06_Benchmark_Veritabani\kolay_ham\makale_1247839.pdf
1247877,0,en,8,2023,Ağrı,88.8,3832,231,0,0.686,0.998,1.0,22040,1,turkce-degil;baslik_sim=0.686,C:\Users\EG\Desktop\Tubitak___is\06_Benchmark_Veritabani\kolay_ham\makale_1247877.pdf
1247880,0,en,14,2023,Turkish Studies - Language and Literature,95.9,3787,1228,0,0.67,1.0,1.0,27724,1,turkce-degil;baslik_sim=0.67,C:\Users\EG\Desktop\Tubitak___is\06_Benchmark_Veritabani\kolay_ham\makale_1247880.pdf
1247983,0,en,8,2023,Ağrı,88.2,4462,162,0,0.664,0.998,1.0,21878,1,turkce-degil;baslik_sim=0.664,C:\Users\EG\Desktop\Tubitak___is\06_Benchmark_Veritabani\kolay_ham\makale_1247983.pdf
1250201,0,en,23,2023,Turkish Studies (Elektronik),95.8,4549,1061,0,0.656,1.0,1.0,33688,1,turkce-degil;baslik_sim=0.656,C:\Users\EG\Desktop\Tubitak___is\06_Benchmark_Veritabani\kolay_ham\makale_1250201.pdf
1252585,0,tr,18,2023,NİŞANTAŞI ÜNİVERSİTESİ SOSYAL BİLİMLER DERGİSİ,94.0,4673,1884,0,1.0,0.073,1.0,48505,1,ozet_sim=0.073,C:\Users\EG\Desktop\Tubitak___is\06_Benchmark_Veritabani\kolay_ham\makale_1252585.pdf
1249176,0,en,12,2024,Kocatepe Veterinary Journal,81.3,3696,152,0,1.0,1.0,1.0,33272,1,turkce-degil,C:\Users\EG\Desktop\Tubitak___is\06_Benchmark_Veritabani\kolay_ham\makale_1249176.pdf
1251607,0,en,8,2024,Turkish Journal of Obstetrics and Gynecology,87.4,4279,212,0,1.0,0.08,1.0,25105,1,turkce-degil;ozet_sim=0.08,C:\Users\EG\Desktop\Tubitak___is\06_Benchmark_Veritabani\kolay_ham\makale_1251607.pdf
1250519,0,en,22,2024,Art-Sanat Dergisi,93.6,3362,807,0,0.219,0.085,0.0,36932,1,turkce-degil;baslik_sim=0.219;ozet_sim=0.085;yazar_rec=0.0,C:\Users\EG\Desktop\Tubitak___is\06_Benchmark_Veritabani\kolay_ham\makale_1250519.pdf
1253528,0,tr,20,2024,ÖNERİ,95.3,3366,1538,0,0.243,0.407,0.0,38682,1,baslik_sim=0.243;ozet_sim=0.407;yazar_rec=0.0,C:\Users\EG\Desktop\Tubitak___is\06_Benchmark_Veritabani\kolay_ham\makale_1253528.pdf
1254146,0,en,14,2024,Eskişehir Osmangazi Üniversitesi İktisadi ve İdari Bilimler Dergisi,93.7,3524,137,0,1.0,0.922,1.0,35156,1,turkce-degil,C:\Users\EG\Desktop\Tubitak___is\06_Benchmark_Veritabani\kolay_ham\makale_1254146.pdf
1255412,0,tr,16,2024,Dumlupınar Üniversitesi Sosyal Bilimler Dergisi,94.5,3774,1664,0,0.253,0.993,1.0,34338,1,baslik_sim=0.253,C:\Users\EG\Desktop\Tubitak___is\06_Benchmark_Veritabani\kolay_ham\makale_1255412.pdf
1256434,1,tr,10,2024,Türk Tarım - Gıda Bilim ve Teknoloji dergisi,89.8,5568,1890,0,1.0,0.999,1.0,36752,1,,C:\Users\EG\Desktop\Tubitak___is\06_Benchmark_Veritabani\kolay_ham\makale_1256434.pdf
1256777,1,tr,9,2023,Düzce Üniversitesi Bilim ve Teknoloji Dergisi,95.7,2532,998,0,1.0,1.0,1.0,13388,1,,C:\Users\EG\Desktop\Tubitak___is\06_Benchmark_Veritabani\kolay_ham\makale_1256777.pdf
1256780,0,en,21,2023,Düzce Üniversitesi Bilim ve Teknoloji Dergisi,91.3,3441,146,0,1.0,0.999,1.0,33034,1,turkce-degil,C:\Users\EG\Desktop\Tubitak___is\06_Benchmark_Veritabani\kolay_ham\makale_1256780.pdf
1256783,1,tr,14,2023,Düzce Üniversitesi Bilim ve Teknoloji Dergisi,90.6,2907,1083,0,1.0,0.992,1.0,20798,1,,C:\Users\EG\Desktop\Tubitak___is\06_Benchmark_Veritabani\kolay_ham\makale_1256783.pdf
1257072,0,en,8,2023,Bezmiâlem Science,88.9,4967,214,0,0.696,0.518,1.0,22283,1,turkce-degil;baslik_sim=0.696,C:\Users\EG\Desktop\Tubitak___is\06_Benchmark_Veritabani\kolay_ham\makale_1257072.pdf
1257322,0,en,14,2024,Ege Eğitim Dergisi,93.4,4969,1271,0,1.0,0.998,1.0,41770,1,turkce-degil,C:\Users\EG\Desktop\Tubitak___is\06_Benchmark_Veritabani\kolay_ham\makale_1257322.pdf
1257424,0,mix,14,2024,Mîzânül-Hak: İslami İlimler Dergisi,90.8,3391,1109,0,0.166,0.012,0.0,18011,1,baslik_sim=0.166;ozet_sim=0.012;yazar_rec=0.0,C:\Users\EG\Desktop\Tubitak___is\06_Benchmark_Veritabani\kolay_ham\makale_1257424.pdf
1257462,1,tr,15,2023,Bilişsel Davranışçı Psikoterapi ve Araştırmalar Dergisi,94.5,4569,1991,0,1.0,0.998,1.0,54003,1,,C:\Users\EG\Desktop\Tubitak___is\06_Benchmark_Veritabani\kolay_ham\makale_1257462.pdf
1257613,0,tr,18,2024,Gazi Üniversitesi Mühendislik Mimarlık Fakültesi Dergisi,95.7,5879,2461,0,1.0,0.019,1.0,42313,1,ozet_sim=0.019,C:\Users\EG\Desktop\Tubitak___is\06_Benchmark_Veritabani\kolay_ham\makale_1257613.pdf
1257993,0,en,15,2024,Hacettepe Üniversitesi Sağlık Bilimleri Fakültesi Dergisi,91.1,2924,300,0,0.306,0.994,1.0,25644,1,turkce-degil;baslik_sim=0.306,C:\Users\EG\Desktop\Tubitak___is\06_Benchmark_Veritabani\kolay_ham\makale_1257993.pdf
1257683,0,en,29,2023,Türkiyat Mecmuası,90.0,3798,266,0,0.658,0.997,1.0,61465,1,turkce-degil;baslik_sim=0.658,C:\Users\EG\Desktop\Tubitak___is\06_Benchmark_Veritabani\kolay_ham\makale_1257683.pdf
1258164,0,en,14,2024,Gazi Üniversitesi Mühendislik Mimarlık Fakültesi Dergisi,88.5,4143,1080,0,1.0,0.191,1.0,27221,1,turkce-degil;ozet_sim=0.191,C:\Users\EG\Desktop\Tubitak___is\06_Benchmark_Veritabani\kolay_ham\makale_1258164.pdf
1258522,0,tr,7,2023,Türkiye Klinikleri Adli Tıp ve Adli Bilimler Dergisi,93.2,4586,1804,0,0.34,0.588,1.0,22774,1,baslik_sim=0.34,C:\Users\EG\Desktop\Tubitak___is\06_Benchmark_Veritabani\kolay_ham\makale_1258522.pdf
1260086,0,mix,12,2024,Akademik Dil ve Edebiyat Dergisi ,90.0,2667,920,0,0.198,0.011,0.0,21938,1,baslik_sim=0.198;ozet_sim=0.011;yazar_rec=0.0,C:\Users\EG\Desktop\Tubitak___is\06_Benchmark_Veritabani\kolay_ham\makale_1260086.pdf
1259616,0,mix,34,2023,Cumhuriyet Tarihi Araştırmaları Dergisi,91.8,2775,896,0,0.93,0.578,0.0,77430,1,sayfa=34;yazar_rec=0.0,C:\Users\EG\Desktop\Tubitak___is\06_Benchmark_Veritabani\kolay_ham\makale_1259616.pdf
1260774,0,tr,36,2024,Gazi Eğitim Fakültesi Dergisi,93.6,2447,903,0,0.681,0.896,1.0,51364,1,sayfa=36;baslik_sim=0.681,C:\Users\EG\Desktop\Tubitak___is\06_Benchmark_Veritabani\kolay_ham\makale_1260774.pdf
1261297,0,tr,2,2024,Yükseköğretim Dergisi,90.1,2350,324,0,1.0,0.508,0.0,2385,1,sayfa=2;yazar_rec=0.0,C:\Users\EG\Desktop\Tubitak___is\06_Benchmark_Veritabani\kolay_ham\makale_1261297.pdf
1261974,0,tr,8,2023,Çocuk ve Gençlik Ruh Sağlığı Dergisi,89.6,4299,1720,0,0.0,0.989,0.0,24134,1,baslik_sim=0.0;yazar_rec=0.0,C:\Users\EG\Desktop\Tubitak___is\06_Benchmark_Veritabani\kolay_ham\makale_1261974.pdf
1261973,0,tr,75,2020,,87.3,872,321,0,0.0,0.596,0.0,50885,1,sayfa=75;baslik_sim=0.0;yazar_rec=0.0,C:\Users\EG\Desktop\Tubitak___is\06_Benchmark_Veritabani\kolay_ham\makale_1261973.pdf
1262178,0,en,13,2022,İstanbul Gelişim Üniversitesi Sosyal Bilimler Dergisi,94.6,4054,191,0,1.0,0.986,1.0,39909,1,turkce-degil,C:\Users\EG\Desktop\Tubitak___is\06_Benchmark_Veritabani\kolay_ham\makale_1262178.pdf
1263260,0,en,5,2024,Çocuk Enfeksiyon Dergisi,86.3,5015,220,0,1.0,0.956,0.92,13517,1,turkce-degil,C:\Users\EG\Desktop\Tubitak___is\06_Benchmark_Veritabani\kolay_ham\makale_1263260.pdf
1262332,0,tr,17,2024,Türk Eğitim Bilimleri Dergisi,94.3,3210,1447,0,0.67,0.816,1.0,30748,1,baslik_sim=0.67,C:\Users\EG\Desktop\Tubitak___is\06_Benchmark_Veritabani\kolay_ham\makale_1262332.pdf
1260165,0,tr,175,2024,,30.3,3770,410,0,0.0,0.025,0.0,243769,1,taranmis/dusuk-metin;sayfa=175;baslik_sim=0.0;ozet_sim=0.025;yazar_rec=0.0,C:\Users\EG\Desktop\Tubitak___is\06_Benchmark_Veritabani\kolay_ham\makale_1260165.pdf
1267050,0,en,15,2024,Trakya Eğitim Dergisi,94.5,4735,1671,0,0.662,1.0,1.0,47388,1,turkce-degil;baslik_sim=0.662,C:\Users\EG\Desktop\Tubitak___is\06_Benchmark_Veritabani\kolay_ham\makale_1267050.pdf
1266670,0,en,12,2023,Pamukkale Üniversitesi Mühendislik Bilimleri Dergisi,82.7,5907,137,0,0.688,0.999,1.0,42944,1,turkce-degil;baslik_sim=0.688,C:\Users\EG\Desktop\Tubitak___is\06_Benchmark_Veritabani\kolay_ham\makale_1266670.pdf
1264609,0,tr,169,2023,,47.6,2213,436,0,0.0,0.0,0.0,138023,1,taranmis/dusuk-metin;sayfa=169;baslik_sim=0.0;ozet-yok;yazar_rec=0.0,C:\Users\EG\Desktop\Tubitak___is\06_Benchmark_Veritabani\kolay_ham\makale_1264609.pdf
1267288,0,tr,16,2023,PLANLAMA,94.4,5912,2368,0,0.0,0.87,0.0,64549,1,baslik_sim=0.0;yazar_rec=0.0,C:\Users\EG\Desktop\Tubitak___is\06_Benchmark_Veritabani\kolay_ham\makale_1267288.pdf
1267293,0,tr,18,2023,PLANLAMA,94.9,6023,2652,0,0.0,0.0,0.0,74682,1,baslik_sim=0.0;ozet-yok;yazar_rec=0.0,C:\Users\EG\Desktop\Tubitak___is\06_Benchmark_Veritabani\kolay_ham\makale_1267293.pdf
1267710,0,tr,31,2024,Anadolu Üniversitesi İktisadi ve İdari Bilimler Fakültesi Dergisi,93.7,2894,1096,0,0.97,1.0,1.0,41434,1,sayfa=31,C:\Users\EG\Desktop\Tubitak___is\06_Benchmark_Veritabani\kolay_ham\makale_1267710.pdf
1267790,0,en,13,2024,Meandros Medical And Dental Journal,92.5,3858,10,0,1.0,0.988,0.5,32243,1,turkce-degil,C:\Users\EG\Desktop\Tubitak___is\06_Benchmark_Veritabani\kolay_ham\makale_1267790.pdf
1268174,0,tr,39,2024,Sosyal Politika Çalışmaları Dergisi,94.4,2284,945,0,0.922,1.0,1.0,69450,1,sayfa=39,C:\Users\EG\Desktop\Tubitak___is\06_Benchmark_Veritabani\kolay_ham\makale_1268174.pdf
1270501,0,tr,12,2023,Düzce Üniversitesi Orman Fakültesi Ormancılık Dergisi,92.0,2299,809,0,0.67,0.799,1.0,16946,1,baslik_sim=0.67,C:\Users\EG\Desktop\Tubitak___is\06_Benchmark_Veritabani\kolay_ham\makale_1270501.pdf
1269155,1,mix,11,2023,Mühendislik Bilimleri ve Tasarım Dergisi,91.6,4278,1287,0,1.0,0.97,1.0,31914,1,,C:\Users\EG\Desktop\Tubitak___is\06_Benchmark_Veritabani\kolay_ham\makale_1269155.pdf
1270733,0,en,9,2024,Afyon Kocatepe Üniversitesi Fen ve Mühendislik Bilimleri Dergisi,93.3,4345,204,0,1.0,0.668,1.0,23756,1,turkce-degil,C:\Users\EG\Desktop\Tubitak___is\06_Benchmark_Veritabani\kolay_ham\makale_1270733.pdf
1270911,0,tr,26,2022,Mehmet Akif Ersoy Üniversitesi Eğitim Fakültesi Dergisi,93.3,2783,1060,0,0.672,0.926,1.0,40188,1,baslik_sim=0.672,C:\Users\EG\Desktop\Tubitak___is\06_Benchmark_Veritabani\kolay_ham\makale_1270911.pdf
1272534,0,en,17,2024,Iğdır Üniversitesi Sosyal Bilimler Dergisi,96.1,4708,1575,0,0.214,0.995,1.0,41326,1,turkce-degil;baslik_sim=0.214,C:\Users\EG\Desktop\Tubitak___is\06_Benchmark_Veritabani\kolay_ham\makale_1272534.pdf
1272477,0,en,15,2024,Niğde Ömer Halisdemir Üniversitesi Mühendislik Bilimleri Dergisi,95.0,5934,179,0,0.665,1.0,1.0,48331,1,turkce-degil;baslik_sim=0.665,C:\Users\EG\Desktop\Tubitak___is\06_Benchmark_Veritabani\kolay_ham\makale_1272477.pdf
1273333,0,en,9,2024,Turkish Journal of Forestry,83.3,3413,254,0,1.0,0.998,1.0,20107,1,turkce-degil,C:\Users\EG\Desktop\Tubitak___is\06_Benchmark_Veritabani\kolay_ham\makale_1273333.pdf
1273336,1,tr,8,2024,Turkish Journal of Forestry,88.6,4161,1776,0,1.0,0.743,1.0,21247,1,,C:\Users\EG\Desktop\Tubitak___is\06_Benchmark_Veritabani\kolay_ham\makale_1273336.pdf
1276370,0,tr,22,2023,Mehmet Akif Ersoy Üniversitesi Eğitim Fakültesi Dergisi,94.5,2940,1380,0,0.66,0.954,1.0,37274,1,baslik_sim=0.66,C:\Users\EG\Desktop\Tubitak___is\06_Benchmark_Veritabani\kolay_ham\makale_1276370.pdf
1276506,0,tr,8,2022,Gümüşhane Üniversitesi Sağlık Bilimleri Dergisi,93.5,4062,1541,0,0.622,0.531,1.0,14154,1,baslik_sim=0.622,C:\Users\EG\Desktop\Tubitak___is\06_Benchmark_Veritabani\kolay_ham\makale_1276506.pdf
1273863,1,tr,17,2024,Fırat Üniversitesi Mühendislik Bilimleri Dergisi,97.5,5998,2337,0,1.0,0.999,1.0,60850,1,,C:\Users\EG\Desktop\Tubitak___is\06_Benchmark_Veritabani\kolay_ham\makale_1273863.pdf
1276688,0,en,16,2024,Marmara Üniversitesi İktisadi ve İdari Bilimler Dergisi,93.9,3290,134,0,0.68,0.674,1.0,37842,1,turkce-degil;baslik_sim=0.68,C:\Users\EG\Desktop\Tubitak___is\06_Benchmark_Veritabani\kolay_ham\makale_1276688.pdf
1278218,0,tr,10,2024,Bingöl Üniversitesi Sosyal Bilimler Enstitüsü Dergisi,93.1,3597,1451,0,1.0,0.403,1.0,29840,1,ozet_sim=0.403,C:\Users\EG\Desktop\Tubitak___is\06_Benchmark_Veritabani\kolay_ham\makale_1278218.pdf
1278328,0,en,11,2024,Geleneksel ve Tamamlayıcı Tıp Dergisi,91.4,3856,177,0,0.669,0.997,1.0,27808,1,turkce-degil;baslik_sim=0.669,C:\Users\EG\Desktop\Tubitak___is\06_Benchmark_Veritabani\kolay_ham\makale_1278328.pdf
1279762,0,en,16,2024,Trakya Eğitim Dergisi,93.4,4864,1664,0,0.662,0.999,0.8,49217,1,turkce-degil;baslik_sim=0.662,C:\Users\EG\Desktop\Tubitak___is\06_Benchmark_Veritabani\kolay_ham\makale_1279762.pdf
1281653,0,en,18,2024,Uludağ Arıcılık Dergisi,85.7,3930,0,0,0.0,0.0,0.0,1165,1,turkce-degil;baslik_sim=0.0;ozet-yok;yazar_rec=0.0;govde-kisa,C:\Users\EG\Desktop\Tubitak___is\06_Benchmark_Veritabani\kolay_ham\makale_1281653.pdf
1279847,0,tr,17,2024,İşletme Araştırmaları Dergisi,91.2,4608,1778,0,0.712,0.387,1.0,42901,1,baslik_sim=0.712;ozet_sim=0.387,C:\Users\EG\Desktop\Tubitak___is\06_Benchmark_Veritabani\kolay_ham\makale_1279847.pdf
1283025,0,tr,18,2024,"YEDİ: SANAT, TASARIM VE BİLİM DERGİSİ",95.1,5124,1940,0,0.723,0.994,1.0,60720,1,baslik_sim=0.723,C:\Users\EG\Desktop\Tubitak___is\06_Benchmark_Veritabani\kolay_ham\makale_1283025.pdf
1283339,0,tr,14,2024,Dergiabant,90.3,4628,1493,0,0.0,0.999,1.0,23958,1,baslik_sim=0.0,C:\Users\EG\Desktop\Tubitak___is\06_Benchmark_Veritabani\kolay_ham\makale_1283339.pdf
1283941,0,en,9,2024,Düzce Üniversitesi Bilim ve Teknoloji Dergisi,89.6,2484,101,0,1.0,1.0,1.0,13895,1,turkce-degil,C:\Users\EG\Desktop\Tubitak___is\06_Benchmark_Veritabani\kolay_ham\makale_1283941.pdf
1284091,0,en,8,2024,Ordu Üniversitesi Hemşirelik Çalışmaları Dergisi (Online) ,90.5,4853,230,0,0.97,0.957,1.0,22642,1,turkce-degil,C:\Users\EG\Desktop\Tubitak___is\06_Benchmark_Veritabani\kolay_ham\makale_1284091.pdf
1284823,0,tr,11,2024,Gazi Mühendislik Bilimleri Dergisi,92.4,3893,1545,0,0.389,0.993,1.0,27102,1,baslik_sim=0.389,C:\Users\EG\Desktop\Tubitak___is\06_Benchmark_Veritabani\kolay_ham\makale_1284823.pdf
1286346,0,en,21,2024,Türk Dünyası İncelemeleri Dergisi,95.3,3260,255,0,1.0,0.961,0.0,55940,1,turkce-degil;yazar_rec=0.0,C:\Users\EG\Desktop\Tubitak___is\06_Benchmark_Veritabani\kolay_ham\makale_1286346.pdf
1286300,1,tr,19,2024,Uluslararası Türkçe Edebiyat Kültür Eğitim (TEKE) Dergisi,92.2,3784,1665,0,1.0,0.999,1.0,48017,1,,C:\Users\EG\Desktop\Tubitak___is\06_Benchmark_Veritabani\kolay_ham\makale_1286300.pdf
1287494,0,en,26,2024,Manisa Celal Bayar Üniversitesi Eğitim Fakültesi Dergisi,94.1,4257,97,0,1.0,0.996,1.0,65972,1,turkce-degil,C:\Users\EG\Desktop\Tubitak___is\06_Benchmark_Veritabani\kolay_ham\makale_1287494.pdf
1287854,0,mix,22,2024,Arış (Online),92.7,2500,1106,0,0.163,0.858,0.0,31236,1,baslik_sim=0.163;yazar_rec=0.0,C:\Users\EG\Desktop\Tubitak___is\06_Benchmark_Veritabani\kolay_ham\makale_1287854.pdf
1288215,0,en,26,2024,Diyanet İlmi Dergi,93.4,2468,432,0,0.965,0.425,1.0,52537,1,turkce-degil;ozet_sim=0.425,C:\Users\EG\Desktop\Tubitak___is\06_Benchmark_Veritabani\kolay_ham\makale_1288215.pdf
1288872,0,en,34,2024,İlahiyat Akademi,92.3,3070,828,0,0.0,0.014,0.0,34313,1,sayfa=34;turkce-degil;baslik_sim=0.0;ozet_sim=0.014;yazar_rec=0.0,C:\Users\EG\Desktop\Tubitak___is\06_Benchmark_Veritabani\kolay_ham\makale_1288872.pdf
1288995,0,tr,19,2024,Motif Akademi Halkbilimi Dergisi,96.2,3207,1468,0,0.66,0.094,1.0,36746,1,baslik_sim=0.66;ozet_sim=0.094,C:\Users\EG\Desktop\Tubitak___is\06_Benchmark_Veritabani\kolay_ham\makale_1288995.pdf
1289056,0,en,10,2024,Dicle Üniversitesi Veteriner Fakültesi Dergisi,78.9,5799,179,0,1.0,0.998,0.83,34549,1,turkce-degil,C:\Users\EG\Desktop\Tubitak___is\06_Benchmark_Veritabani\kolay_ham\makale_1289056.pdf
1289554,0,tr,5,2024,Bilgisayar bilimleri ve mühendisliği dergisi,89.1,4205,1293,0,0.703,1.0,1.0,12065,1,baslik_sim=0.703,C:\Users\EG\Desktop\Tubitak___is\06_Benchmark_Veritabani\kolay_ham\makale_1289554.pdf
1289690,1,tr,22,2024,Çankırı Karatekin Üniversitesi İktisadi ve İdari Bilimler Fakültesi Dergisi,93.7,3257,1188,0,1.0,0.809,1.0,43647,1,,C:\Users\EG\Desktop\Tubitak___is\06_Benchmark_Veritabani\kolay_ham\makale_1289690.pdf
1289621,0,en,29,2024,Çankırı Karatekin Üniversitesi İktisadi ve İdari Bilimler Fakültesi Dergisi,91.6,3174,150,0,0.982,1.0,1.0,54483,1,turkce-degil,C:\Users\EG\Desktop\Tubitak___is\06_Benchmark_Veritabani\kolay_ham\makale_1289621.pdf
1289992,0,en,10,2024,Cukurova Medical Journal,88.7,4073,109,0,0.695,0.937,1.0,24540,1,turkce-degil;baslik_sim=0.695,C:\Users\EG\Desktop\Tubitak___is\06_Benchmark_Veritabani\kolay_ham\makale_1289992.pdf
1290057,0,tr,16,2024,Arşiv Kaynak Tarama Dergisi,96.7,4561,1687,0,0.689,0.999,1.0,54361,1,baslik_sim=0.689,C:\Users\EG\Desktop\Tubitak___is\06_Benchmark_Veritabani\kolay_ham\makale_1290057.pdf
1290828,0,tr,15,2024,Celal Bayar Üniversitesi Sosyal Bilimler Dergisi,96.5,3405,1400,0,1.0,0.029,1.0,33696,1,ozet_sim=0.029,C:\Users\EG\Desktop\Tubitak___is\06_Benchmark_Veritabani\kolay_ham\makale_1290828.pdf
1291569,0,tr,16,2024,Afyon Kocatepe Üniversitesi Sosyal Bilimler Dergisi,93.5,4198,1875,0,0.0,0.701,0.0,31861,1,baslik_sim=0.0;yazar_rec=0.0,C:\Users\EG\Desktop\Tubitak___is\06_Benchmark_Veritabani\kolay_ham\makale_1291569.pdf
1292132,0,mix,17,2024,Karadeniz Sosyal Bilimler Dergisi,94.3,3248,1237,0,0.74,0.991,0.0,35766,1,baslik_sim=0.74;yazar_rec=0.0,C:\Users\EG\Desktop\Tubitak___is\06_Benchmark_Veritabani\kolay_ham\makale_1292132.pdf
1293140,0,en,21,2024,Çukurova Üniversitesi Eğitim Fakültesi Dergisi,92.0,4304,259,0,1.0,0.953,0.75,64226,1,turkce-degil,C:\Users\EG\Desktop\Tubitak___is\06_Benchmark_Veritabani\kolay_ham\makale_1293140.pdf
1293412,0,tr,24,2024,İnönü Üniversitesi Uluslararası Sosyal Bilimler Dergisi,93.0,3008,837,0,0.118,0.024,0.0,46850,1,baslik_sim=0.118;ozet_sim=0.024;yazar_rec=0.0,C:\Users\EG\Desktop\Tubitak___is\06_Benchmark_Veritabani\kolay_ham\makale_1293412.pdf
1294070,0,tr,11,2024,Avrasya Uluslararası Araştırmalar Dergisi,94.8,3083,1344,0,0.0,1.0,0.0,19693,1,baslik_sim=0.0;yazar_rec=0.0,C:\Users\EG\Desktop\Tubitak___is\06_Benchmark_Veritabani\kolay_ham\makale_1294070.pdf
1293466,0,mix,49,2024,Dil ve Tarih-Coğrafya Fakültesi Dergisi,95.2,3752,1538,0,0.146,0.067,0.0,111013,1,sayfa=49;baslik_sim=0.146;ozet-yok;yazar_rec=0.0,C:\Users\EG\Desktop\Tubitak___is\06_Benchmark_Veritabani\kolay_ham\makale_1293466.pdf
1294606,0,en,11,2024,Adıyaman Üniversitesi Sağlık Bilimleri Dergisi,84.3,3732,181,0,0.676,0.013,1.0,30270,1,turkce-degil;baslik_sim=0.676;ozet-yok,C:\Users\EG\Desktop\Tubitak___is\06_Benchmark_Veritabani\kolay_ham\makale_1294606.pdf
1296925,0,tr,22,2025,Kent Akademisi (Online),91.4,3547,1310,0,0.232,0.998,1.0,28339,1,baslik_sim=0.232,C:\Users\EG\Desktop\Tubitak___is\06_Benchmark_Veritabani\kolay_ham\makale_1296925.pdf
1297474,0,tr,22,2025,Toplum ve Sosyal Hizmet,95.4,3438,1324,0,0.268,0.999,0.0,60219,1,baslik_sim=0.268;yazar_rec=0.0,C:\Users\EG\Desktop\Tubitak___is\06_Benchmark_Veritabani\kolay_ham\makale_1297474.pdf
1300416,0,tr,29,2024,Türkiye Barolar Birliği Dergisi,91.9,2529,756,0,0.0,0.925,0.0,60355,1,baslik_sim=0.0;yazar_rec=0.0,C:\Users\EG\Desktop\Tubitak___is\06_Benchmark_Veritabani\kolay_ham\makale_1300416.pdf
1301409,1,tr,8,2024,Toplum ve Hekim,95.3,4934,2304,0,1.0,0.998,1.0,31633,1,,C:\Users\EG\Desktop\Tubitak___is\06_Benchmark_Veritabani\kolay_ham\makale_1301409.pdf
1300582,0,en,41,2025,Düzce Üniversitesi Bilim ve Teknoloji Dergisi,93.5,2394,70,0,1.0,1.0,1.0,52434,1,sayfa=41;turkce-degil,C:\Users\EG\Desktop\Tubitak___is\06_Benchmark_Veritabani\kolay_ham\makale_1300582.pdf
1301468,0,tr,9,2024,Yükseköğretim ve Bilim Dergisi,93.7,4188,1660,0,0.683,1.0,1.0,26937,1,baslik_sim=0.683,C:\Users\EG\Desktop\Tubitak___is\06_Benchmark_Veritabani\kolay_ham\makale_1301468.pdf
1302309,0,tr,26,2025,Dicle Üniversitesi Sosyal Bilimler Enstitüsü Dergisi,92.5,3061,1203,0,0.686,0.524,1.0,48464,1,baslik_sim=0.686,C:\Users\EG\Desktop\Tubitak___is\06_Benchmark_Veritabani\kolay_ham\makale_1302309.pdf
1302382,0,mix,20,2025,Gazi Üniversitesi Mühendislik Mimarlık Fakültesi Dergisi,93.1,4629,1450,0,1.0,0.035,1.0,43070,1,ozet_sim=0.035,C:\Users\EG\Desktop\Tubitak___is\06_Benchmark_Veritabani\kolay_ham\makale_1302382.pdf
1303060,0,tr,15,2025,Anadolu Tarım Bilimleri Dergisi,90.3,2213,700,0,0.671,0.999,1.0,12344,1,baslik_sim=0.671,C:\Users\EG\Desktop\Tubitak___is\06_Benchmark_Veritabani\kolay_ham\makale_1303060.pdf
1305097,0,tr,19,2025,Motif Akademi Halkbilimi Dergisi,95.2,3255,1244,0,0.643,1.0,0.0,42907,1,baslik_sim=0.643;yazar_rec=0.0,C:\Users\EG\Desktop\Tubitak___is\06_Benchmark_Veritabani\kolay_ham\makale_1305097.pdf
1305670,0,tr,16,2025,Yüzüncü Yıl Üniversitesi Sosyal Bilimler Enstitüsü Dergisi,95.2,4775,1716,0,1.0,0.024,1.0,48257,1,ozet_sim=0.024,C:\Users\EG\Desktop\Tubitak___is\06_Benchmark_Veritabani\kolay_ham\makale_1305670.pdf
1306408,0,tr,18,2025,Celal Bayar Üniversitesi Sosyal Bilimler Dergisi,94.8,3218,1166,0,0.922,0.248,1.0,45043,1,ozet_sim=0.248,C:\Users\EG\Desktop\Tubitak___is\06_Benchmark_Veritabani\kolay_ham\makale_1306408.pdf
1307280,0,tr,20,2025,Dil ve Edebiyat Araştırmaları,92.4,3983,1562,0,1.0,0.083,1.0,49588,1,ozet_sim=0.083,C:\Users\EG\Desktop\Tubitak___is\06_Benchmark_Veritabani\kolay_ham\makale_1307280.pdf
1309730,0,en,9,2025,Niğde Ömer Halisdemir Üniversitesi Mühendislik Bilimleri Dergisi,95.6,5759,98,0,0.739,0.66,1.0,32198,1,turkce-degil;baslik_sim=0.739,C:\Users\EG\Desktop\Tubitak___is\06_Benchmark_Veritabani\kolay_ham\makale_1309730.pdf
1309786,0,en,9,2025,Türk Tarım ve Doğa Bilimleri Dergisi,93.1,3773,135,0,1.0,1.0,1.0,20444,1,turkce-degil,C:\Users\EG\Desktop\Tubitak___is\06_Benchmark_Veritabani\kolay_ham\makale_1309786.pdf
1310234,0,en,19,2023,Dokuz Eylül Üniversitesi Edebiyat Fakültesi Dergisi,89.3,2866,134,0,0.904,0.996,1.0,41235,1,turkce-degil,C:\Users\EG\Desktop\Tubitak___is\06_Benchmark_Veritabani\kolay_ham\makale_1310234.pdf
1309885,0,mix,32,2025,Adalet Dergisi ,92.2,3593,1209,0,0.0,1.0,0.0,78833,1,sayfa=32;baslik_sim=0.0;yazar_rec=0.0,C:\Users\EG\Desktop\Tubitak___is\06_Benchmark_Veritabani\kolay_ham\makale_1309885.pdf
1310974,1,tr,20,2025,GENÇLİK ARAŞTIRMALARI DERGİSİ,92.9,3525,1244,0,0.981,0.999,0.5,44318,1,,C:\Users\EG\Desktop\Tubitak___is\06_Benchmark_Veritabani\kolay_ham\makale_1310974.pdf
1311239,0,tr,25,2025,İZMİR BAROSU DERGİSİ,94.6,2250,818,10,0.0,0.993,0.0,43763,1,karakter-bozuk;baslik_sim=0.0;yazar_rec=0.0,C:\Users\EG\Desktop\Tubitak___is\06_Benchmark_Veritabani\kolay_ham\makale_1311239.pdf
1311488,0,tr,19,2025,Ana Dili Eğitimi Dergisi,94.5,3885,1793,0,0.589,0.363,1.0,51541,1,baslik_sim=0.589;ozet_sim=0.363,C:\Users\EG\Desktop\Tubitak___is\06_Benchmark_Veritabani\kolay_ham\makale_1311488.pdf
1311850,1,tr,13,2025,Bingöl Üniversitesi Sosyal Bilimler Enstitüsü Dergisi,95.6,4050,1572,0,1.0,0.998,1.0,37961,1,,C:\Users\EG\Desktop\Tubitak___is\06_Benchmark_Veritabani\kolay_ham\makale_1311850.pdf
1314752,0,tr,11,2025,Anatolia: Turizm Araştırmaları Dergisi,92.6,3401,1234,0,0.219,0.722,0.0,25569,1,baslik_sim=0.219;yazar_rec=0.0,C:\Users\EG\Desktop\Tubitak___is\06_Benchmark_Veritabani\kolay_ham\makale_1314752.pdf
1315039,0,tr,7,2025,KSÜ Mühendislik Bilimleri Dergisi,91.7,3881,1786,0,0.324,0.564,0.5,14750,1,baslik_sim=0.324,C:\Users\EG\Desktop\Tubitak___is\06_Benchmark_Veritabani\kolay_ham\makale_1315039.pdf
1316076,0,tr,6,2025,Turkish Journal of Family Medicine and Primary Care,95.3,3962,1390,0,0.731,0.997,1.0,16238,1,baslik_sim=0.731,C:\Users\EG\Desktop\Tubitak___is\06_Benchmark_Veritabani\kolay_ham\makale_1316076.pdf
1317692,0,tr,4,2024,Çocuk ve Gençlik Ruh Sağlığı Dergisi,92.5,5290,1226,0,0.231,0.02,1.0,10820,1,baslik_sim=0.231;ozet_sim=0.02,C:\Users\EG\Desktop\Tubitak___is\06_Benchmark_Veritabani\kolay_ham\makale_1317692.pdf
1317052,0,en,24,2024,Adalya,81.6,2641,169,0,1.0,1.0,1.0,38579,1,turkce-degil,C:\Users\EG\Desktop\Tubitak___is\06_Benchmark_Veritabani\kolay_ham\makale_1317052.pdf
1317580,0,en,19,2025,Üçüncü Sektör Sosyal Ekonomi,92.6,4917,249,0,0.974,0.995,0.0,47183,1,turkce-degil;yazar_rec=0.0,C:\Users\EG\Desktop\Tubitak___is\06_Benchmark_Veritabani\kolay_ham\makale_1317580.pdf
1317865,0,en,24,2024,Turkish Journal of Obstetrics and Gynecology,92.7,3512,126,0,0.667,0.042,1.0,36548,1,turkce-degil;baslik_sim=0.667;ozet_sim=0.042,C:\Users\EG\Desktop\Tubitak___is\06_Benchmark_Veritabani\kolay_ham\makale_1317865.pdf
1322991,1,tr,20,2025,Sosyal Politika Çalışmaları Dergisi,94.4,2520,1008,0,1.0,0.998,1.0,32404,1,,C:\Users\EG\Desktop\Tubitak___is\06_Benchmark_Veritabani\kolay_ham\makale_1322991.pdf
1323125,0,en,7,2022,Türkiye Çocuk Hastalıkları Dergisi,92.9,5579,187,0,1.0,0.766,1.0,23071,1,turkce-degil,C:\Users\EG\Desktop\Tubitak___is\06_Benchmark_Veritabani\kolay_ham\makale_1323125.pdf
1319376,0,tr,18,2025,Beytulhikme An International Journal of Philosophy,94.1,2586,1018,0,0.0,0.998,0.0,39315,1,baslik_sim=0.0;yazar_rec=0.0,C:\Users\EG\Desktop\Tubitak___is\06_Benchmark_Veritabani\kolay_ham\makale_1319376.pdf
1323796,0,en,16,2025,OPUS Toplum Araştırmaları Dergisi,93.8,4470,217,0,1.0,0.102,1.0,45429,1,turkce-degil;ozet_sim=0.102,C:\Users\EG\Desktop\Tubitak___is\06_Benchmark_Veritabani\kolay_ham\makale_1323796.pdf
1324977,0,tr,12,2025,İnsan ve İnsan,95.3,3721,1416,0,0.752,0.043,0.0,34682,1,ozet_sim=0.043;yazar_rec=0.0,C:\Users\EG\Desktop\Tubitak___is\06_Benchmark_Veritabani\kolay_ham\makale_1324977.pdf
1326000,0,en,8,2025,International Journal of Innovative Engineering Applications,92.0,4977,130,0,0.316,0.99,1.0,22359,1,turkce-degil;baslik_sim=0.316,C:\Users\EG\Desktop\Tubitak___is\06_Benchmark_Veritabani\kolay_ham\makale_1326000.pdf
1325278,0,mix,20,2025,Bingöl Üniversitesi İlahiyat Fakültesi Dergisi,90.7,3503,1209,0,0.548,0.017,0.0,38060,1,baslik_sim=0.548;ozet_sim=0.017;yazar_rec=0.0,C:\Users\EG\Desktop\Tubitak___is\06_Benchmark_Veritabani\kolay_ham\makale_1325278.pdf
1326049,0,en,46,2025,Harran ilahiyat dergisi (Online),94.7,3120,959,0,1.0,0.022,1.0,38053,1,sayfa=46;turkce-degil;ozet_sim=0.022,C:\Users\EG\Desktop\Tubitak___is\06_Benchmark_Veritabani\kolay_ham\makale_1326049.pdf
1326470,1,tr,22,2025,İnönü Üniversitesi İletişim Fakültesi Elektronik Dergisi,94.0,4258,1599,0,1.0,0.573,1.0,83724,1,,C:\Users\EG\Desktop\Tubitak___is\06_Benchmark_Veritabani\kolay_ham\makale_1326470.pdf
1327551,0,mix,26,2025,Sanat Tarihi Dergisi,95.1,3276,1167,0,0.67,0.825,1.0,62244,1,baslik_sim=0.67,C:\Users\EG\Desktop\Tubitak___is\06_Benchmark_Veritabani\kolay_ham\makale_1327551.pdf
1326505,0,tr,28,2025,Medya ve Din Araştırmaları Dergisi (Online)    ,94.2,3855,1409,0,0.304,0.139,1.0,62942,1,baslik_sim=0.304;ozet_sim=0.139,C:\Users\EG\Desktop\Tubitak___is\06_Benchmark_Veritabani\kolay_ham\makale_1326505.pdf
1327882,0,mix,21,2025,İnsan ve Toplum Bilimleri Araştırmaları Dergisi,93.8,3906,1215,0,0.597,1.0,1.0,53382,1,baslik_sim=0.597,C:\Users\EG\Desktop\Tubitak___is\06_Benchmark_Veritabani\kolay_ham\makale_1327882.pdf
1328441,0,tr,17,2025,Buca Eğitim Fakültesi Dergisi,94.5,4271,1502,0,0.696,1.0,1.0,49811,1,baslik_sim=0.696,C:\Users\EG\Desktop\Tubitak___is\06_Benchmark_Veritabani\kolay_ham\makale_1328441.pdf
1328725,0,mix,16,2025,Akademik Dil ve Edebiyat Dergisi ,94.8,3196,1133,0,0.312,0.02,0.0,34674,1,baslik_sim=0.312;ozet_sim=0.02;yazar_rec=0.0,C:\Users\EG\Desktop\Tubitak___is\06_Benchmark_Veritabani\kolay_ham\makale_1328725.pdf
1329754,1,tr,12,2025,Sağlık ve Toplum,90.3,4043,1640,0,0.856,0.891,1.0,29069,1,,C:\Users\EG\Desktop\Tubitak___is\06_Benchmark_Veritabani\kolay_ham\makale_1329754.pdf
1329619,0,tr,79,2024,,68.0,665,236,0,0.0,0.018,0.0,94919,1,sayfa=79;baslik_sim=0.0;ozet_sim=0.018;yazar_rec=0.0,C:\Users\EG\Desktop\Tubitak___is\06_Benchmark_Veritabani\kolay_ham\makale_1329619.pdf
1330409,0,en,22,2025,GÜMÜŞHANE ÜNİVERSİTESİ İLAHİYAT FAKÜLTESİ DERGİSİ,95.1,2548,509,0,0.0,0.208,1.0,48767,1,turkce-degil;baslik_sim=0.0;ozet_sim=0.208,C:\Users\EG\Desktop\Tubitak___is\06_Benchmark_Veritabani\kolay_ham\makale_1330409.pdf
1330135,0,tr,26,2024,Muhasebe ve Finansman Dergisi,94.7,3812,1218,0,1.0,0.004,1.0,59822,1,ozet_sim=0.004,C:\Users\EG\Desktop\Tubitak___is\06_Benchmark_Veritabani\kolay_ham\makale_1330135.pdf
1330977,0,mix,17,2025,Kent Akademisi (Online),91.2,2050,759,0,0.241,0.979,1.0,17815,1,baslik_sim=0.241,C:\Users\EG\Desktop\Tubitak___is\06_Benchmark_Veritabani\kolay_ham\makale_1330977.pdf
1331035,0,tr,11,2025,Journal of innovative engineering and natural science (Online),92.8,2867,978,4,0.0,1.0,0.0,14759,1,baslik_sim=0.0;yazar_rec=0.0,C:\Users\EG\Desktop\Tubitak___is\06_Benchmark_Veritabani\kolay_ham\makale_1331035.pdf
1330695,1,tr,22,2025,KBB-Forum,92.6,4922,2365,0,1.0,0.711,1.0,35552,1,,C:\Users\EG\Desktop\Tubitak___is\06_Benchmark_Veritabani\kolay_ham\makale_1330695.pdf
1331348,0,en,18,2025,Reflektif Sosyal Bilimler Dergisi,93.7,2751,176,0,0.881,0.633,0.0,40375,1,turkce-degil;yazar_rec=0.0,C:\Users\EG\Desktop\Tubitak___is\06_Benchmark_Veritabani\kolay_ham\makale_1331348.pdf
1332099,1,tr,11,2025,Afyon Kocatepe Üniversitesi Fen ve Mühendislik Bilimleri Dergisi,92.4,4336,1797,0,0.756,0.864,1.0,32643,1,,C:\Users\EG\Desktop\Tubitak___is\06_Benchmark_Veritabani\kolay_ham\makale_1332099.pdf
1332066,0,tr,43,2025,Dîvân: Disiplinlerarası Çalışmalar Dergisi,92.4,2543,802,0,0.947,0.425,1.0,92980,1,sayfa=43;ozet_sim=0.425,C:\Users\EG\Desktop\Tubitak___is\06_Benchmark_Veritabani\kolay_ham\makale_1332066.pdf
1332243,1,tr,13,2025,Balıkesir Üniversitesi Fen Bilimleri Enstitüsü Dergisi,95.1,2555,930,0,1.0,0.996,1.0,27349,1,,C:\Users\EG\Desktop\Tubitak___is\06_Benchmark_Veritabani\kolay_ham\makale_1332243.pdf
1332424,0,tr,13,2025,Dumlupınar Üniversitesi Sosyal Bilimler Dergisi,95.3,4268,1690,0,0.246,0.011,1.0,37100,1,baslik_sim=0.246;ozet_sim=0.011,C:\Users\EG\Desktop\Tubitak___is\06_Benchmark_Veritabani\kolay_ham\makale_1332424.pdf
1333485,0,en,4,2025,"Mediterranean journal of infection, microbes & antimicrobials (Online)",91.7,5015,111,0,1.0,1.0,1.0,11694,1,turkce-degil,C:\Users\EG\Desktop\Tubitak___is\06_Benchmark_Veritabani\kolay_ham\makale_1333485.pdf
1330437,0,tr,177,2025,,43.4,3540,854,0,0.0,0.457,0.0,300024,1,taranmis/dusuk-metin;sayfa=177;baslik_sim=0.0;yazar_rec=0.0,C:\Users\EG\Desktop\Tubitak___is\06_Benchmark_Veritabani\kolay_ham\makale_1330437.pdf
1333700,0,mix,31,2025,Türk İdare Dergisi,95.6,2173,869,0,1.0,1.0,1.0,64541,1,sayfa=31,C:\Users\EG\Desktop\Tubitak___is\06_Benchmark_Veritabani\kolay_ham\makale_1333700.pdf
1333961,0,en,11,2025,Türk Göğüs Kalp Damar Cerrahisi Dergisi,93.3,4665,203,0,0.679,0.959,1.0,32869,1,turkce-degil;baslik_sim=0.679,C:\Users\EG\Desktop\Tubitak___is\06_Benchmark_Veritabani\kolay_ham\makale_1333961.pdf
1334755,0,tr,13,2025,Ege Üniversitesi Hemşirelik Fakültesi Dergisi,91.5,4536,1983,0,0.985,0.318,1.0,40988,1,ozet_sim=0.318,C:\Users\EG\Desktop\Tubitak___is\06_Benchmark_Veritabani\kolay_ham\makale_1334755.pdf
1336354,0,en,10,2025,Hemşirelik Bilimi Dergisi,82.3,3538,198,0,0.707,0.965,0.5,18075,1,turkce-degil;baslik_sim=0.707,C:\Users\EG\Desktop\Tubitak___is\06_Benchmark_Veritabani\kolay_ham\makale_1336354.pdf
1336586,0,en,22,2025,Düzce Üniversitesi Bilim ve Teknoloji Dergisi,91.4,3762,197,0,1.0,1.0,0.5,46503,1,turkce-degil,C:\Users\EG\Desktop\Tubitak___is\06_Benchmark_Veritabani\kolay_ham\makale_1336586.pdf
1336967,1,tr,7,2025,Journal of research in veterinary medicine (Online),91.5,4886,1525,0,1.0,0.995,1.0,17573,1,,C:\Users\EG\Desktop\Tubitak___is\06_Benchmark_Veritabani\kolay_ham\makale_1336967.pdf
1337532,0,en,16,2024,Business and Management Studies: An International Journal,94.5,4533,1015,4,0.683,0.027,1.0,38437,1,turkce-degil;baslik_sim=0.683;ozet_sim=0.027,C:\Users\EG\Desktop\Tubitak___is\06_Benchmark_Veritabani\kolay_ham\makale_1337532.pdf
1337947,0,tr,5,2022,Türk Nöroşirürji Dergisi,92.5,4990,1668,0,0.68,1.0,1.0,16605,1,baslik_sim=0.68,C:\Users\EG\Desktop\Tubitak___is\06_Benchmark_Veritabani\kolay_ham\makale_1337947.pdf
1342094,0,en,7,2025,Dicle Tıp Dergisi,92.7,3533,231,0,1.0,0.992,1.0,13261,1,turkce-degil,C:\Users\EG\Desktop\Tubitak___is\06_Benchmark_Veritabani\kolay_ham\makale_1342094.pdf
1342497,0,en,18,2025,Adıyaman Üniversitesi Fen Bilimleri Dergisi,85.6,1786,61,0,1.0,1.0,1.0,16032,1,turkce-degil,C:\Users\EG\Desktop\Tubitak___is\06_Benchmark_Veritabani\kolay_ham\makale_1342497.pdf
1343245,0,en,22,2025,Karadeniz İncelemeleri Dergisi,91.2,2984,726,0,0.979,0.311,0.0,39613,1,turkce-degil;ozet_sim=0.311;yazar_rec=0.0,C:\Users\EG\Desktop\Tubitak___is\06_Benchmark_Veritabani\kolay_ham\makale_1343245.pdf
1344548,1,tr,27,2025,Liberal Düşünce,95.0,2976,1180,0,1.0,0.998,1.0,63918,1,,C:\Users\EG\Desktop\Tubitak___is\06_Benchmark_Veritabani\kolay_ham\makale_1344548.pdf
1344820,0,en,6,2024,Türk üreme tıbbı ve cerrahisi dergisi (Online),91.6,4273,175,0,1.0,0.97,1.0,15164,1,turkce-degil,C:\Users\EG\Desktop\Tubitak___is\06_Benchmark_Veritabani\kolay_ham\makale_1344820.pdf
1344799,0,tr,29,2025,Sayıştay Dergisi,94.2,2534,1041,0,0.657,0.995,1.0,54657,1,baslik_sim=0.657,C:\Users\EG\Desktop\Tubitak___is\06_Benchmark_Veritabani\kolay_ham\makale_1344799.pdf
1345262,0,tr,22,2025,Journal of Tourism and Gastronomy Studies,95.4,3808,1623,0,0.665,0.999,1.0,36296,1,baslik_sim=0.665,C:\Users\EG\Desktop\Tubitak___is\06_Benchmark_Veritabani\kolay_ham\makale_1345262.pdf
1345953,0,tr,12,2025,Milli Folklor Dergisi,95.2,3989,1764,0,0.684,0.345,1.0,35213,1,baslik_sim=0.684;ozet_sim=0.345,C:\Users\EG\Desktop\Tubitak___is\06_Benchmark_Veritabani\kolay_ham\makale_1345953.pdf
1345955,0,en,9,2024,Türk Yoğun Bakım Dergisi,81.2,4213,125,0,0.7,0.994,1.0,25152,1,turkce-degil;baslik_sim=0.7,C:\Users\EG\Desktop\Tubitak___is\06_Benchmark_Veritabani\kolay_ham\makale_1345955.pdf
1345912,0,en,38,2025,Diyanet İlmi Dergi,93.3,2657,360,0,0.748,0.051,1.0,83408,1,sayfa=38;turkce-degil;baslik_sim=0.748;ozet_sim=0.051,C:\Users\EG\Desktop\Tubitak___is\06_Benchmark_Veritabani\kolay_ham\makale_1345912.pdf
1346896,0,en,25,2025,Istanbul Ticaret Üniversitesi Sosyal Bilimler Dergisi,92.9,2193,284,0,0.964,0.485,1.0,36800,1,turkce-degil,C:\Users\EG\Desktop\Tubitak___is\06_Benchmark_Veritabani\kolay_ham\makale_1346896.pdf
1347904,0,en,8,2025,Gazi Medical Journal,85.1,4883,286,0,0.0,0.329,0.11,30560,1,turkce-degil;baslik_sim=0.0;ozet_sim=0.329;yazar_rec=0.11,C:\Users\EG\Desktop\Tubitak___is\06_Benchmark_Veritabani\kolay_ham\makale_1347904.pdf
1348131,0,en,24,2025,Journal of Applied and Theoretical Social Sciences,95.8,3640,188,0,0.894,0.994,0.0,83767,1,turkce-degil;yazar_rec=0.0,C:\Users\EG\Desktop\Tubitak___is\06_Benchmark_Veritabani\kolay_ham\makale_1348131.pdf
1348353,0,en,8,2025,Türkiye Klinikleri Sağlık Bilimleri Dergisi,87.2,4211,283,0,1.0,0.981,1.0,20502,1,turkce-degil,C:\Users\EG\Desktop\Tubitak___is\06_Benchmark_Veritabani\kolay_ham\makale_1348353.pdf
1346943,0,en,60,2025,Türkiye Barolar Birliği Dergisi,89.0,2728,907,0,0.712,0.01,1.0,111684,1,sayfa=60;turkce-degil;baslik_sim=0.712;ozet_sim=0.01,C:\Users\EG\Desktop\Tubitak___is\06_Benchmark_Veritabani\kolay_ham\makale_1346943.pdf
1348661,0,mix,10,2024,Türkiye Klinikleri Adli Tıp ve Adli Bilimler Dergisi,87.6,4158,1384,0,0.733,0.5,1.0,25536,1,baslik_sim=0.733,C:\Users\EG\Desktop\Tubitak___is\06_Benchmark_Veritabani\kolay_ham\makale_1348661.pdf
1348882,1,tr,25,2025,Aydın tömer dil dergisi,93.9,2500,966,0,1.0,0.574,1.0,36458,1,,C:\Users\EG\Desktop\Tubitak___is\06_Benchmark_Veritabani\kolay_ham\makale_1348882.pdf
1349219,0,en,10,2024,Türkiye Klinikleri Cardiovascular Sciences,84.6,4396,198,0,1.0,0.966,1.0,26411,1,turkce-degil,C:\Users\EG\Desktop\Tubitak___is\06_Benchmark_Veritabani\kolay_ham\makale_1349219.pdf
1350115,0,en,18,2025,"Uluslararası Ekonomi, İşletme ve Politika Dergisi",94.5,4298,1335,0,0.331,1.0,1.0,44569,1,turkce-degil;baslik_sim=0.331,C:\Users\EG\Desktop\Tubitak___is\06_Benchmark_Veritabani\kolay_ham\makale_1350115.pdf
1351338,0,tr,7,2024,Kahramanmaraş Sütçü İmam Üniversitesi Sosyal Bilimler Dergisi,96.3,4203,1710,0,0.683,0.999,1.0,18124,1,baslik_sim=0.683,C:\Users\EG\Desktop\Tubitak___is\06_Benchmark_Veritabani\kolay_ham\makale_1351338.pdf
1350147,0,en,18,2025,"Uluslararası Ekonomi, İşletme ve Politika Dergisi",94.4,3730,660,0,0.056,0.04,1.0,40836,1,turkce-degil;baslik_sim=0.056;ozet_sim=0.04,C:\Users\EG\Desktop\Tubitak___is\06_Benchmark_Veritabani\kolay_ham\makale_1350147.pdf
1352222,0,tr,12,2025,Türkiye Klinikleri Hemşirelik Bilimleri Dergisi,94.7,3978,1603,0,0.163,0.572,0.5,35201,1,baslik_sim=0.163,C:\Users\EG\Desktop\Tubitak___is\06_Benchmark_Veritabani\kolay_ham\makale_1352222.pdf
1352428,0,en,19,2025,GIDA,91.6,4265,156,0,0.228,1.0,1.0,43582,1,turkce-degil;baslik_sim=0.228,C:\Users\EG\Desktop\Tubitak___is\06_Benchmark_Veritabani\kolay_ham\makale_1352428.pdf
1353329,1,tr,22,2025,Sanat & Tasarım Dergisi,93.2,2729,1022,0,1.0,0.471,1.0,42979,1,,C:\Users\EG\Desktop\Tubitak___is\06_Benchmark_Veritabani\kolay_ham\makale_1353329.pdf
1353234,0,tr,31,2025,ARTS: Artuklu sanat ve beşeri bilimler dergisi (Online),94.3,2249,784,0,1.0,0.872,1.0,60570,1,sayfa=31,C:\Users\EG\Desktop\Tubitak___is\06_Benchmark_Veritabani\kolay_ham\makale_1353234.pdf
1353735,0,en,22,2025,Folklor/Edebiyat,93.2,3283,834,0,0.222,0.601,1.0,64102,1,turkce-degil;baslik_sim=0.222,C:\Users\EG\Desktop\Tubitak___is\06_Benchmark_Veritabani\kolay_ham\makale_1353735.pdf
1354521,0,tr,30,2025,Toplum ve Sosyal Hizmet,93.6,2967,1073,0,0.356,0.459,1.0,60275,1,baslik_sim=0.356,C:\Users\EG\Desktop\Tubitak___is\06_Benchmark_Veritabani\kolay_ham\makale_1354521.pdf
1354771,0,tr,5,2025,Kadim,94.1,2610,1240,0,0.0,0.015,0.0,9499,1,baslik_sim=0.0;ozet_sim=0.015;yazar_rec=0.0,C:\Users\EG\Desktop\Tubitak___is\06_Benchmark_Veritabani\kolay_ham\makale_1354771.pdf
1354933,0,tr,14,2025,İşletme Araştırmaları Dergisi,92.4,4366,1897,0,0.659,0.809,0.33,31017,1,baslik_sim=0.659;yazar_rec=0.33,C:\Users\EG\Desktop\Tubitak___is\06_Benchmark_Veritabani\kolay_ham\makale_1354933.pdf
1355020,0,en,9,2025,Mavi Atlas,95.3,4441,229,0,0.0,0.987,0.0,27664,1,turkce-degil;baslik_sim=0.0;yazar_rec=0.0,C:\Users\EG\Desktop\Tubitak___is\06_Benchmark_Veritabani\kolay_ham\makale_1355020.pdf
1355183,0,en,5,2025,KONURALP TIP DERGİSİ,92.8,4355,165,0,1.0,0.998,1.0,10862,1,turkce-degil,C:\Users\EG\Desktop\Tubitak___is\06_Benchmark_Veritabani\kolay_ham\makale_1355183.pdf
1355641,0,en,7,2025,Turkish Journal of Clinics and Laboratory,92.9,3968,143,0,1.0,1.0,1.0,17283,1,turkce-degil,C:\Users\EG\Desktop\Tubitak___is\06_Benchmark_Veritabani\kolay_ham\makale_1355641.pdf
1357777,1,tr,20,2022,Söylem Filoloji Dergisi,92.4,3616,1632,0,1.0,1.0,1.0,46827,1,,C:\Users\EG\Desktop\Tubitak___is\06_Benchmark_Veritabani\kolay_ham\makale_1357777.pdf
1357863,0,tr,19,2025,Çukurova Üniversitesi Sosyal Bilimler Enstitüsü Dergisi,95.7,3850,1650,0,0.684,0.0,1.0,65741,1,baslik_sim=0.684;ozet-yok,C:\Users\EG\Desktop\Tubitak___is\06_Benchmark_Veritabani\kolay_ham\makale_1357863.pdf
1358404,0,en,17,2024,Turkish Studies (Elektronik),95.3,3881,687,0,0.593,0.997,1.0,51814,1,turkce-degil;baslik_sim=0.593,C:\Users\EG\Desktop\Tubitak___is\06_Benchmark_Veritabani\kolay_ham\makale_1358404.pdf
1358544,0,en,20,2025,Turkish Studies- Comparative Religious Studies,95.0,4593,1164,0,0.703,0.501,1.0,52619,1,turkce-degil;baslik_sim=0.703,C:\Users\EG\Desktop\Tubitak___is\06_Benchmark_Veritabani\kolay_ham\makale_1358544.pdf
1360391,0,en,20,2025,Vakanüvis Uluslararası Tarih Araştırmaları Dergisi (Online),93.7,2256,277,0,0.976,0.45,1.0,34737,1,turkce-degil,C:\Users\EG\Desktop\Tubitak___is\06_Benchmark_Veritabani\kolay_ham\makale_1360391.pdf
1361607,0,en,11,2025,Batı Karadeniz Tıp Dergisi,91.4,4121,182,0,0.685,0.269,1.0,27165,1,turkce-degil;baslik_sim=0.685;ozet_sim=0.269,C:\Users\EG\Desktop\Tubitak___is\06_Benchmark_Veritabani\kolay_ham\makale_1361607.pdf
1363746,0,mix,35,2025,Atatürk Araştırma Merkezi Dergisi,93.0,1871,645,0,0.0,0.76,0.0,32050,1,sayfa=35;baslik_sim=0.0;yazar_rec=0.0,C:\Users\EG\Desktop\Tubitak___is\06_Benchmark_Veritabani\kolay_ham\makale_1363746.pdf
1364305,0,en,6,2025,Bağcılar Tıp Bülteni,89.0,4538,178,0,1.0,0.879,1.0,16592,1,turkce-degil,C:\Users\EG\Desktop\Tubitak___is\06_Benchmark_Veritabani\kolay_ham\makale_1364305.pdf
1364236,0,en,13,2025,Bağcılar Tıp Bülteni,94.6,4334,95,0,1.0,0.998,1.0,42758,1,turkce-degil,C:\Users\EG\Desktop\Tubitak___is\06_Benchmark_Veritabani\kolay_ham\makale_1364236.pdf
1362239,0,tr,62,2025,Dokuz Eylül Üniversitesi Hukuk Fakültesi Dergisi,92.6,2585,685,0,1.0,1.0,0.0,139894,1,sayfa=62;yazar_rec=0.0,C:\Users\EG\Desktop\Tubitak___is\06_Benchmark_Veritabani\kolay_ham\makale_1362239.pdf
1364310,0,en,34,2025,Pamukkale Üniversitesi İlahiyat Fakültesi Dergisi,94.6,3193,816,0,0.642,0.024,1.0,77055,1,sayfa=34;turkce-degil;baslik_sim=0.642;ozet_sim=0.024,C:\Users\EG\Desktop\Tubitak___is\06_Benchmark_Veritabani\kolay_ham\makale_1364310.pdf
1365282,0,tr,11,2025,Afyon Kocatepe Üniversitesi Fen ve Mühendislik Bilimleri Dergisi,94.7,4896,1696,0,0.663,0.997,1.0,38746,1,baslik_sim=0.663,C:\Users\EG\Desktop\Tubitak___is\06_Benchmark_Veritabani\kolay_ham\makale_1365282.pdf
1364348,0,en,24,2025,Trabzon ilahiyat dergisi,92.8,2522,487,0,1.0,0.997,1.0,55028,1,turkce-degil,C:\Users\EG\Desktop\Tubitak___is\06_Benchmark_Veritabani\kolay_ham\makale_1364348.pdf
1366337,0,en,16,2025,Gümüşhane Üniversitesi Fen Bilimleri Dergisi,92.5,3446,128,0,0.668,1.0,1.0,35066,1,turkce-degil;baslik_sim=0.668,C:\Users\EG\Desktop\Tubitak___is\06_Benchmark_Veritabani\kolay_ham\makale_1366337.pdf
1366847,0,en,6,2025,Uludağ Üniversitesi Tıp Fakültesi Dergisi,89.9,5437,196,0,1.0,0.999,1.0,19447,1,turkce-degil,C:\Users\EG\Desktop\Tubitak___is\06_Benchmark_Veritabani\kolay_ham\makale_1366847.pdf
1366432,0,en,10,2025,Sağlık Bilimleri Üniversitesi Hemşirelik Dergisi (Online),87.8,5636,268,0,0.682,0.995,1.0,33992,1,turkce-degil;baslik_sim=0.682,C:\Users\EG\Desktop\Tubitak___is\06_Benchmark_Veritabani\kolay_ham\makale_1366432.pdf
1369065,0,en,7,2025,Güncel Pediatri,91.2,4640,240,0,0.299,0.01,1.0,21678,1,turkce-degil;baslik_sim=0.299;ozet-yok,C:\Users\EG\Desktop\Tubitak___is\06_Benchmark_Veritabani\kolay_ham\makale_1369065.pdf
1367949,0,tr,17,2025,SPORMETRE BEDEN EĞİTİMİ VE SPOR BİLİMLERİ DERGİSİ,92.8,3695,1545,0,0.48,0.885,1.0,34826,1,baslik_sim=0.48,C:\Users\EG\Desktop\Tubitak___is\06_Benchmark_Veritabani\kolay_ham\makale_1367949.pdf
1369254,0,en,7,2025,Harran Üniversitesi Veteriner Fakültesi Dergisi,89.0,3809,68,0,1.0,0.999,1.0,16764,1,turkce-degil,C:\Users\EG\Desktop\Tubitak___is\06_Benchmark_Veritabani\kolay_ham\makale_1369254.pdf
1369193,0,en,9,2025,Erzincan Üniversitesi Eğitim Fakültesi Dergisi,82.6,5645,161,0,0.704,0.985,1.0,32895,1,turkce-degil;baslik_sim=0.704,C:\Users\EG\Desktop\Tubitak___is\06_Benchmark_Veritabani\kolay_ham\makale_1369193.pdf
1369851,0,tr,24,2025,SineFilozofi,90.9,4108,1283,0,0.977,0.167,1.0,47033,1,ozet_sim=0.167,C:\Users\EG\Desktop\Tubitak___is\06_Benchmark_Veritabani\kolay_ham\makale_1369851.pdf
1370598,0,tr,19,2025,Mustafa Kemal Üniversitesi Tarım Bilimleri Dergisi,81.6,3894,1534,0,0.686,0.922,1.0,59955,1,baslik_sim=0.686,C:\Users\EG\Desktop\Tubitak___is\06_Benchmark_Veritabani\kolay_ham\makale_1370598.pdf
1371086,0,tr,11,2025,Üniversite Araştırmaları Dergisi (Online),93.2,4708,1454,0,1.0,0.077,1.0,30711,1,ozet_sim=0.077,C:\Users\EG\Desktop\Tubitak___is\06_Benchmark_Veritabani\kolay_ham\makale_1371086.pdf
1372915,0,en,6,2025,The Anatolian journal of general medical research,90.6,4271,167,0,0.671,0.999,1.0,16919,1,turkce-degil;baslik_sim=0.671,C:\Users\EG\Desktop\Tubitak___is\06_Benchmark_Veritabani\kolay_ham\makale_1372915.pdf
1370763,0,en,46,2025,ADAM AKADEMİ Sosyal Bilimler Dergisi,94.2,2315,317,0,0.722,0.526,1.0,85535,1,sayfa=46;turkce-degil;baslik_sim=0.722,C:\Users\EG\Desktop\Tubitak___is\06_Benchmark_Veritabani\kolay_ham\makale_1370763.pdf
1372345,0,tr,18,2025,Nevşehir Hacı Bektaş Veli Üniversitesi SBE Dergisi,91.8,4920,1900,0,0.608,0.0,1.0,51110,1,baslik_sim=0.608;ozet-yok,C:\Users\EG\Desktop\Tubitak___is\06_Benchmark_Veritabani\kolay_ham\makale_1372345.pdf
1377057,1,tr,16,2025,Celal Bayar Üniversitesi Sosyal Bilimler Dergisi,94.2,3210,1240,0,0.99,0.467,1.0,34766,1,,C:\Users\EG\Desktop\Tubitak___is\06_Benchmark_Veritabani\kolay_ham\makale_1377057.pdf
1375870,0,en,32,2025,Eskiyeni,92.8,1995,375,0,1.0,0.377,1.0,74459,1,sayfa=32;turkce-degil;ozet_sim=0.377,C:\Users\EG\Desktop\Tubitak___is\06_Benchmark_Veritabani\kolay_ham\makale_1375870.pdf
1377596,1,tr,15,2025,Journal of Innovations in Civil Engineering and Technology,93.9,2759,1051,0,1.0,0.998,1.0,22732,1,,C:\Users\EG\Desktop\Tubitak___is\06_Benchmark_Veritabani\kolay_ham\makale_1377596.pdf
1377091,0,en,24,2025,Kastamonu İletişim Araştırmaları Dergisi,94.1,3807,238,0,0.673,0.999,1.0,65062,1,turkce-degil;baslik_sim=0.673,C:\Users\EG\Desktop\Tubitak___is\06_Benchmark_Veritabani\kolay_ham\makale_1377091.pdf
1377914,0,en,18,2025,KSÜ Mühendislik Bilimleri Dergisi,89.2,4176,159,0,0.349,0.996,1.0,40253,1,turkce-degil;baslik_sim=0.349,C:\Users\EG\Desktop\Tubitak___is\06_Benchmark_Veritabani\kolay_ham\makale_1377914.pdf
1381242,0,en,5,2026,Gazi Medical Journal,89.6,5461,113,0,1.0,0.617,1.0,16442,1,turkce-degil,C:\Users\EG\Desktop\Tubitak___is\06_Benchmark_Veritabani\kolay_ham\makale_1381242.pdf
1379382,0,tr,24,2025,Buca Eğitim Fakültesi Dergisi,94.0,4290,1765,0,0.673,1.0,1.0,61227,1,baslik_sim=0.673,C:\Users\EG\Desktop\Tubitak___is\06_Benchmark_Veritabani\kolay_ham\makale_1379382.pdf
1383977,0,mix,11,2025,Selçuklu medeniyeti araştırmaları dergisi (Online),93.4,4157,1331,0,0.922,0.238,0.0,21557,1,ozet_sim=0.238;yazar_rec=0.0,C:\Users\EG\Desktop\Tubitak___is\06_Benchmark_Veritabani\kolay_ham\makale_1383977.pdf
1381719,1,tr,25,2026,Optimum Ekonomi ve Yönetim Bilimleri Dergisi,94.5,3128,1323,0,1.0,0.998,1.0,52903,1,,C:\Users\EG\Desktop\Tubitak___is\06_Benchmark_Veritabani\kolay_ham\makale_1381719.pdf
1383987,0,tr,35,2025,Marmara Üniversitesi Hukuk Fakültesi Hukuk Araştırmaları Dergisi,90.2,3754,1488,0,0.677,0.315,1.0,104594,1,sayfa=35;baslik_sim=0.677;ozet_sim=0.315,C:\Users\EG\Desktop\Tubitak___is\06_Benchmark_Veritabani\kolay_ham\makale_1383987.pdf
1384828,0,tr,5,2026,Sağlık bilimlerinde değer (Online),84.7,4326,1027,0,0.684,0.031,1.0,11701,1,baslik_sim=0.684;ozet_sim=0.031,C:\Users\EG\Desktop\Tubitak___is\06_Benchmark_Veritabani\kolay_ham\makale_1384828.pdf
1384271,0,tr,22,2026,Toplum ve Sosyal Hizmet,92.5,3308,1286,0,0.28,1.0,1.0,48749,1,baslik_sim=0.28,C:\Users\EG\Desktop\Tubitak___is\06_Benchmark_Veritabani\kolay_ham\makale_1384271.pdf
1384870,0,tr,13,2025,Türkiye Sosyal Araştırmalar Dergisi,94.3,3698,1445,0,1.0,0.375,1.0,47257,1,ozet_sim=0.375,C:\Users\EG\Desktop\Tubitak___is\06_Benchmark_Veritabani\kolay_ham\makale_1384870.pdf
1378719,0,tr,310,2023,,53.3,2106,474,0,0.0,0.032,0.0,208697,1,taranmis/dusuk-metin;sayfa=310;baslik_sim=0.0;ozet_sim=0.032;yazar_rec=0.0,C:\Users\EG\Desktop\Tubitak___is\06_Benchmark_Veritabani\kolay_ham\makale_1378719.pdf
1386685,0,en,12,2026,Eskişehir Türk dünyası uygulama ve araştırma merkezi halk sağlığı dergisi (Online),89.8,3688,256,0,0.0,0.0,0.5,28910,1,turkce-degil;baslik_sim=0.0;ozet-yok,C:\Users\EG\Desktop\Tubitak___is\06_Benchmark_Veritabani\kolay_ham\makale_1386685.pdf
1386689,0,en,14,2026,Eskişehir Türk dünyası uygulama ve araştırma merkezi halk sağlığı dergisi (Online),87.5,3782,250,0,0.701,0.0,1.0,35400,1,turkce-degil;baslik_sim=0.701;ozet-yok,C:\Users\EG\Desktop\Tubitak___is\06_Benchmark_Veritabani\kolay_ham\makale_1386689.pdf
1388872,0,en,12,2023,İstanbul Gelişim Üniversitesi Sağlık Bilimleri Dergisi,90.8,2834,151,0,1.0,0.998,1.0,18788,1,turkce-degil,C:\Users\EG\Desktop\Tubitak___is\06_Benchmark_Veritabani\kolay_ham\makale_1388872.pdf
1387695,0,tr,38,2024,,72.2,855,328,0,0.0,0.023,0.0,47015,1,sayfa=38;baslik_sim=0.0;ozet_sim=0.023;yazar_rec=0.0,C:\Users\EG\Desktop\Tubitak___is\06_Benchmark_Veritabani\kolay_ham\makale_1387695.pdf
1389171,0,tr,9,2025,Türkiye Klinikleri Sağlık Bilimleri Dergisi,80.8,4226,1511,0,0.291,0.839,0.5,21787,1,baslik_sim=0.291,C:\Users\EG\Desktop\Tubitak___is\06_Benchmark_Veritabani\kolay_ham\makale_1389171.pdf
1387149,0,tr,70,2024,,60.1,2028,336,0,0.0,0.083,0.0,112842,1,sayfa=70;baslik_sim=0.0;ozet_sim=0.083;yazar_rec=0.0,C:\Users\EG\Desktop\Tubitak___is\06_Benchmark_Veritabani\kolay_ham\makale_1387149.pdf
1390326,0,en,15,2023,Journal of Apitheraphy and Nature,92.1,2654,309,0,0.686,0.873,1.0,19081,1,turkce-degil;baslik_sim=0.686,C:\Users\EG\Desktop\Tubitak___is\06_Benchmark_Veritabani\kolay_ham\makale_1390326.pdf
1389230,0,en,9,2025,Erciyes Üniversitesi İktisadi ve İdari Bilimler Fakültesi Dergisi,93.3,7460,373,0,0.64,0.658,1.0,39320,1,turkce-degil;baslik_sim=0.64,C:\Users\EG\Desktop\Tubitak___is\06_Benchmark_Veritabani\kolay_ham\makale_1389230.pdf
1392150,0,tr,22,2026,Muhasebe ve Denetime Bakış,94.5,3334,1138,0,1.0,0.933,0.0,39274,1,yazar_rec=0.0,C:\Users\EG\Desktop\Tubitak___is\06_Benchmark_Veritabani\kolay_ham\makale_1392150.pdf
1392517,0,tr,30,2024,Colloquium Anatolicum,87.6,2042,876,0,0.545,0.773,0.0,45060,1,baslik_sim=0.545;yazar_rec=0.0,C:\Users\EG\Desktop\Tubitak___is\06_Benchmark_Veritabani\kolay_ham\makale_1392517.pdf
1392521,0,tr,17,2024,Colloquium Anatolicum,91.9,2473,1015,0,0.667,1.0,1.0,29528,1,baslik_sim=0.667,C:\Users\EG\Desktop\Tubitak___is\06_Benchmark_Veritabani\kolay_ham\makale_1392521.pdf
1393887,0,tr,8,2026,Black Sea Journal of Engineering and Science,93.9,5281,2003,0,1.0,0.03,1.0,31747,1,ozet_sim=0.03,C:\Users\EG\Desktop\Tubitak___is\06_Benchmark_Veritabani\kolay_ham\makale_1393887.pdf
1392690,1,tr,25,2026,İzmir iktisat dergisi,93.6,4191,1340,0,0.988,0.998,1.0,54891,1,,C:\Users\EG\Desktop\Tubitak___is\06_Benchmark_Veritabani\kolay_ham\makale_1392690.pdf
1394231,0,en,9,2026,Online Türk Sağlık Bilimleri Dergisi,87.1,4092,230,0,0.672,0.978,0.5,22349,1,turkce-degil;baslik_sim=0.672,C:\Users\EG\Desktop\Tubitak___is\06_Benchmark_Veritabani\kolay_ham\makale_1394231.pdf
1394295,1,tr,12,2018,Atatürk Üniversitesi Sosyal Bilimler Enstitüsü Dergisi,93.2,3006,1331,0,0.965,0.997,1.0,23558,1,,C:\Users\EG\Desktop\Tubitak___is\06_Benchmark_Veritabani\kolay_ham\makale_1394295.pdf
1394340,0,tr,14,2025,Muhasebe ve Denetime Bakış,91.7,3409,1216,0,0.981,0.997,0.0,25057,1,yazar_rec=0.0,C:\Users\EG\Desktop\Tubitak___is\06_Benchmark_Veritabani\kolay_ham\makale_1394340.pdf
1395060,0,en,10,2024,Current research in health sciences,91.5,4843,163,0,0.274,0.032,1.0,30387,1,turkce-degil;baslik_sim=0.274;ozet_sim=0.032,C:\Users\EG\Desktop\Tubitak___is\06_Benchmark_Veritabani\kolay_ham\makale_1395060.pdf
1395269,0,en,27,2025,Celal Bayar Üniversitesi Sosyal Bilimler Dergisi,93.6,3230,144,0,0.986,0.993,1.0,53166,1,turkce-degil,C:\Users\EG\Desktop\Tubitak___is\06_Benchmark_Veritabani\kolay_ham\makale_1395269.pdf
1395563,0,tr,19,2026,Journal of Yasar University,91.2,2711,922,0,0.722,0.775,0.0,34482,1,baslik_sim=0.722;yazar_rec=0.0,C:\Users\EG\Desktop\Tubitak___is\06_Benchmark_Veritabani\kolay_ham\makale_1395563.pdf
1396165,0,en,9,2026,Ulusal Romatoloji Dergisi,86.5,4832,126,0,0.682,0.994,1.0,28485,1,turkce-degil;baslik_sim=0.682,C:\Users\EG\Desktop\Tubitak___is\06_Benchmark_Veritabani\kolay_ham\makale_1396165.pdf
1396475,1,tr,11,2026,Hayef:journal of education (Online),94.9,7109,2963,0,1.0,1.0,1.0,57087,1,,C:\Users\EG\Desktop\Tubitak___is\06_Benchmark_Veritabani\kolay_ham\makale_1396475.pdf
1398297,0,tr,6,2025,Selcuk Dental Journal,89.3,5439,2092,0,0.697,0.512,1.0,21376,1,baslik_sim=0.697,C:\Users\EG\Desktop\Tubitak___is\06_Benchmark_Veritabani\kolay_ham\makale_1398297.pdf
1397637,0,tr,23,2026,Güncel turizm araştırmaları dergisi (Online),92.7,3537,1413,0,0.0,0.141,1.0,50788,1,baslik_sim=0.0;ozet_sim=0.141,C:\Users\EG\Desktop\Tubitak___is\06_Benchmark_Veritabani\kolay_ham\makale_1397637.pdf
1398320,0,tr,5,2025,Selcuk Dental Journal,84.2,5924,2251,0,0.209,0.886,1.0,18667,1,baslik_sim=0.209,C:\Users\EG\Desktop\Tubitak___is\06_Benchmark_Veritabani\kolay_ham\makale_1398320.pdf
1398372,0,tr,15,2026,Ordu Üniversitesi Hemşirelik Çalışmaları Dergisi (Online) ,93.2,4487,1573,0,0.681,0.998,1.0,41754,1,baslik_sim=0.681,C:\Users\EG\Desktop\Tubitak___is\06_Benchmark_Veritabani\kolay_ham\makale_1398372.pdf
1398812,0,en,6,2026,Ege Klinikleri Tıp Dergisi,91.6,3794,153,0,0.217,0.998,0.0,13624,1,turkce-degil;baslik_sim=0.217;yazar_rec=0.0,C:\Users\EG\Desktop\Tubitak___is\06_Benchmark_Veritabani\kolay_ham\makale_1398812.pdf
1400644,0,en,10,2026,Journal of Behçet Uz children's hospital (Online),91.7,4586,273,0,0.664,0.996,1.0,29337,1,turkce-degil;baslik_sim=0.664,C:\Users\EG\Desktop\Tubitak___is\06_Benchmark_Veritabani\kolay_ham\makale_1400644.pdf
1400997,0,tr,10,2026,Sağlık Bilimleri Üniversitesi Hemşirelik Dergisi (Online),86.1,5355,2171,0,0.657,0.012,1.0,39515,1,baslik_sim=0.657;ozet-yok,C:\Users\EG\Desktop\Tubitak___is\06_Benchmark_Veritabani\kolay_ham\makale_1400997.pdf
1401282,0,en,11,2026,Erzincan Üniversitesi Eğitim Fakültesi Dergisi,94.8,6978,210,0,0.674,1.0,1.0,43102,1,turkce-degil;baslik_sim=0.674,C:\Users\EG\Desktop\Tubitak___is\06_Benchmark_Veritabani\kolay_ham\makale_1401282.pdf
1402016,0,en,15,2026,Psikiyatride Güncel Yaklaşımlar,95.0,4009,218,0,1.0,1.0,1.0,44471,1,turkce-degil,C:\Users\EG\Desktop\Tubitak___is\06_Benchmark_Veritabani\kolay_ham\makale_1402016.pdf
1403490,0,en,13,2026,Kahramanmaraş Sütçü İmam Üniversitesi Tarım ve Doğa Dergisi,91.9,5034,202,0,1.0,1.0,1.0,38823,1,turkce-degil,C:\Users\EG\Desktop\Tubitak___is\06_Benchmark_Veritabani\kolay_ham\makale_1403490.pdf
1402599,0,tr,60,2026,Vakanüvis Uluslararası Tarih Araştırmaları Dergisi (Online),93.3,2350,740,0,0.209,1.0,1.0,112072,1,sayfa=60;baslik_sim=0.209,C:\Users\EG\Desktop\Tubitak___is\06_Benchmark_Veritabani\kolay_ham\makale_1402599.pdf
1406547,0,tr,33,2023,Adıyaman Üniversitesi Sosyal Bilimler Enstitü Dergisi,92.8,2206,977,0,1.0,1.0,0.0,46658,1,sayfa=33;yazar_rec=0.0,C:\Users\EG\Desktop\Tubitak___is\06_Benchmark_Veritabani\kolay_ham\makale_1406547.pdf
1403724,0,en,18,2026,Mersin Üniversitesi Eğitim Fakültesi Dergisi,92.9,5056,263,0,1.0,0.999,1.0,58826,1,turkce-degil,C:\Users\EG\Desktop\Tubitak___is\06_Benchmark_Veritabani\kolay_ham\makale_1403724.pdf
1412278,0,en,14,2025,FABAD Journal of Pharmaceutical Sciences,89.1,4216,168,0,1.0,0.996,0.75,31394,1,turkce-degil,C:\Users\EG\Desktop\Tubitak___is\06_Benchmark_Veritabani\kolay_ham\makale_1412278.pdf
1406785,0,tr,36,2026,Trakya Eğitim Dergisi,92.2,4020,1716,0,0.0,0.626,0.5,86652,1,sayfa=36;baslik_sim=0.0,C:\Users\EG\Desktop\Tubitak___is\06_Benchmark_Veritabani\kolay_ham\makale_1406785.pdf
1420458,0,mix,17,2026,Sanat Yazıları,95.4,4128,1469,0,0.642,0.024,0.0,40404,1,baslik_sim=0.642;ozet_sim=0.024;yazar_rec=0.0,C:\Users\EG\Desktop\Tubitak___is\06_Benchmark_Veritabani\kolay_ham\makale_1420458.pdf
1425415,0,tr,18,2026,Karadeniz Fen Bilimleri Dergisi,93.2,2994,996,0,0.211,0.818,0.67,27840,1,baslik_sim=0.211,C:\Users\EG\Desktop\Tubitak___is\06_Benchmark_Veritabani\kolay_ham\makale_1425415.pdf
1427902,0,tr,24,2026,Osmanlı Medeniyeti Araştırmaları Dergisi,92.4,3649,1328,0,0.0,0.009,0.0,64910,1,baslik_sim=0.0;ozet_sim=0.009;yazar_rec=0.0,C:\Users\EG\Desktop\Tubitak___is\06_Benchmark_Veritabani\kolay_ham\makale_1427902.pdf
1423662,0,en,53,2026,Sinop Üniversitesi sosyal bilimler dergisi,93.7,2524,212,0,1.0,0.969,1.0,91766,1,sayfa=53;turkce-degil,C:\Users\EG\Desktop\Tubitak___is\06_Benchmark_Veritabani\kolay_ham\makale_1423662.pdf
1429488,0,en,21,2026,Sanat ve Tasarım Dergisi,95.4,2439,139,0,1.0,0.452,1.0,40562,1,turkce-degil,C:\Users\EG\Desktop\Tubitak___is\06_Benchmark_Veritabani\kolay_ham\makale_1429488.pdf
1422740,0,tr,114,2023,,44.8,2092,583,0,0.0,0.981,0.0,207898,1,taranmis/dusuk-metin;sayfa=114;baslik_sim=0.0;yazar_rec=0.0,C:\Users\EG\Desktop\Tubitak___is\06_Benchmark_Veritabani\kolay_ham\makale_1422740.pdf
1431272,0,en,10,2026,Kocatepe Veterinary Journal,85.4,3929,134,0,0.665,1.0,1.0,18785,1,turkce-degil;baslik_sim=0.665,C:\Users\EG\Desktop\Tubitak___is\06_Benchmark_Veritabani\kolay_ham\makale_1431272.pdf
1431312,0,tr,19,2026,Fe Dergi,95.8,4239,1684,0,0.691,1.0,1.0,61704,1,baslik_sim=0.691,C:\Users\EG\Desktop\Tubitak___is\06_Benchmark_Veritabani\kolay_ham\makale_1431312.pdf
1431586,0,en,4,2026,Bağcılar Tıp Bülteni,91.4,4840,160,0,1.0,1.0,1.0,11240,1,turkce-degil,C:\Users\EG\Desktop\Tubitak___is\06_Benchmark_Veritabani\kolay_ham\makale_1431586.pdf
1435660,0,tr,33,2025,,72.4,1210,366,0,0.0,0.009,1.0,35840,1,sayfa=33;baslik_sim=0.0;ozet_sim=0.009,C:\Users\EG\Desktop\Tubitak___is\06_Benchmark_Veritabani\kolay_ham\makale_1435660.pdf
1436229,0,tr,24,2026,ÖNERİ,94.0,2890,1113,0,0.189,0.995,1.0,57257,1,baslik_sim=0.189,C:\Users\EG\Desktop\Tubitak___is\06_Benchmark_Veritabani\kolay_ham\makale_1436229.pdf
1438735,1,tr,11,2026,Folklor akademi dergisi (Online),96.3,5432,2385,0,1.0,0.985,1.0,42862,1,,C:\Users\EG\Desktop\Tubitak___is\06_Benchmark_Veritabani\kolay_ham\makale_1438735.pdf
1439622,0,en,15,2026,Ortaçağ Araştırmaları Dergisi,94.7,4388,1172,0,0.7,0.034,1.0,34875,1,turkce-degil;baslik_sim=0.7;ozet_sim=0.034,C:\Users\EG\Desktop\Tubitak___is\06_Benchmark_Veritabani\kolay_ham\makale_1439622.pdf
1442120,0,tr,22,2025,Abant İzzet Baysal Üniversitesi Eğitim Fakültesi Dergisi,92.8,4667,2014,0,0.268,0.999,1.0,60498,1,baslik_sim=0.268,C:\Users\EG\Desktop\Tubitak___is\06_Benchmark_Veritabani\kolay_ham\makale_1442120.pdf
1452217,0,en,40,2026,DİNİ ARAŞTIRMALAR,90.5,2086,481,0,0.662,0.005,1.0,55842,1,sayfa=40;turkce-degil;baslik_sim=0.662;ozet_sim=0.005,C:\Users\EG\Desktop\Tubitak___is\06_Benchmark_Veritabani\kolay_ham\makale_1452217.pdf
